Cluster,bin_frac_corr,er_bin_frac,bin_frac_05_corr,er_bin_frac_05,rh,e_rh,t_relax,e_t_relax,tau,e_tau,benchmark
ASCC_10,0.36,0.05,0.32,0.05,4.62,0.77,51.5,13.87,3.8,1.28,False
ASCC_105,0.68,0.22,0.61,0.16,4.37,0.58,71.97,15.94,1.82,0.46,False
ASCC_107,0.3,0.12,0.27,0.12,2.22,0.28,14.92,3.16,3.01,2.57,False
ASCC_108,0.3,0.07,0.27,0.07,15.67,1.01,635.75,88.44,0.27,0.06,False
ASCC_11,0.43,0.03,0.41,0.03,4.07,0.36,70.41,11.71,3.94,1.88,False
ASCC_113,0.49,0.03,0.46,0.03,4.82,0.36,79.21,11.77,3.93,0.99,True
ASCC_114,0.44,0.11,0.41,0.13,2.91,0.29,33.8,6.11,3.75,1.02,False
ASCC_115,0.46,0.07,0.41,0.07,3.24,0.42,28.23,6.16,7.2,3.47,False
ASCC_12,0.41,0.04,0.38,0.04,4.36,0.62,54.13,12.68,5.79,4.45,False
ASCC_127,0.46,0.04,0.43,0.04,3.1,0.39,44.47,9.44,0.8,0.26,False
ASCC_128,0.39,0.2,0.36,0.05,5.92,0.78,82.99,18.35,2.94,0.94,False
ASCC_13,0.44,0.1,0.41,0.1,11.84,0.86,315.57,46.58,0.43,0.08,False
ASCC_16,0.25,0.06,0.22,0.06,2.8,0.25,55.32,9.23,0.36,0.09,True
ASCC_21,0.5,0.02,0.46,0.02,3.16,0.34,48.57,9.16,0.21,0.04,True
ASCC_23,0.49,0.04,0.44,0.04,2.9,0.33,35.05,6.95,8.8,2.44,True
ASCC_29,0.43,0.05,0.36,0.05,2.34,0.32,16.53,3.8,8.14,2.46,True
ASCC_30,0.4,0.04,0.36,0.04,6.74,1.09,98.68,25.81,1.95,0.58,False
ASCC_41,0.42,0.03,0.38,0.03,2.84,0.39,41.8,9.6,2.39,0.55,True
ASCC_67,0.33,0.08,0.3,0.07,8.89,0.43,199.42,24.49,0.43,0.08,False
ASCC_71,0.5,0.04,0.45,0.04,3.99,0.54,45.0,10.12,2.62,0.65,False
ASCC_77,0.3,0.1,0.26,0.08,2.49,0.31,27.58,5.77,5.26,1.42,False
ASCC_85,0.45,0.03,0.42,0.03,4.8,0.43,73.07,12.26,2.53,0.67,False
ASCC_9,0.34,0.05,0.3,0.05,10.93,0.47,231.63,27.53,0.08,0.01,False
ASCC_97,0.5,0.04,0.48,0.04,1.57,0.25,11.54,2.95,10.18,4.7,False
Alessi_10,0.48,0.06,0.44,0.05,1.45,0.44,8.91,4.13,40.58,20.73,True
Alessi_12,0.36,0.11,0.32,0.1,5.78,0.42,131.55,19.41,1.78,0.54,True
Alessi_2,0.55,0.04,0.51,0.04,4.63,0.55,79.28,16.18,4.01,0.88,False
Alessi_21,0.39,0.1,0.35,0.1,4.05,0.47,61.8,12.32,1.62,0.32,True
Alessi_37,0.55,0.04,0.52,0.04,4.7,0.55,71.67,14.49,3.64,1.3,False
Alessi_6,0.59,0.03,0.53,0.03,3.36,0.26,41.81,6.38,10.06,2.65,False
Alessi_62,0.39,0.14,0.38,0.15,2.39,0.32,23.81,5.35,36.25,8.23,False
Alessi_8,0.38,0.06,0.32,0.06,2.74,0.41,22.84,5.63,9.15,2.66,True
Alessi_Teutsch_11,0.4,0.05,0.36,0.05,2.09,0.27,19.64,4.32,9.12,3.39,True
Alessi_Teutsch_3,0.38,0.04,0.35,0.04,3.95,0.66,45.84,12.34,3.25,1.54,False
Antalova_2,0.41,0.19,0.37,0.18,1.37,0.55,8.18,5.0,0.7,0.45,False
BDSB96,0.37,0.17,0.34,0.16,0.79,0.34,3.63,2.37,1.33,0.89,False
BH_164,0.28,0.07,0.26,0.07,3.19,0.27,58.42,9.44,1.01,0.2,True
BH_200,0.35,0.03,0.31,0.12,1.86,0.17,12.71,2.17,2.05,0.47,False
BH_205,0.35,0.07,0.32,0.05,3.13,0.21,45.19,6.38,0.13,0.03,False
BH_23,0.49,0.04,0.46,0.04,2.31,0.52,29.46,10.45,0.95,0.99,True
BH_87,0.39,0.11,0.36,0.08,2.08,0.17,18.9,2.95,1.3,0.61,False
BH_90,0.4,0.11,0.36,0.08,1.57,0.14,13.14,2.24,3.78,2.62,False
BH_92,0.41,0.06,0.35,0.21,0.68,0.17,2.28,0.9,12.36,7.39,False
Basel_11a,0.47,0.05,0.42,0.05,1.61,0.21,13.33,2.92,8.15,2.76,False
Basel_11b,0.48,0.23,0.43,0.05,1.84,0.23,10.95,2.31,26.09,6.12,False
Basel_17,0.38,0.1,0.35,0.1,5.0,0.43,59.39,9.67,1.38,0.28,False
Basel_18,0.4,0.16,0.36,0.14,2.36,0.51,16.87,5.76,1.43,0.51,False
Berkeley_1,0.41,0.15,0.38,0.16,1.89,0.3,9.96,2.58,15.17,17.04,False
Berkeley_10,0.51,0.18,0.48,0.16,2.49,0.21,20.84,3.38,37.68,6.35,False
Berkeley_11,0.44,0.14,0.4,0.14,1.58,0.2,9.6,2.03,6.48,4.84,False
Berkeley_15,0.38,0.11,0.36,0.1,2.29,0.27,20.74,4.15,1.42,0.98,False
Berkeley_28,0.72,0.05,0.65,0.05,1.81,0.23,13.93,2.99,24.05,6.96,False
Berkeley_30,0.59,0.04,0.54,0.04,2.01,0.2,13.14,2.38,33.37,6.43,False
Berkeley_37,0.68,0.03,0.61,0.03,3.64,0.31,44.1,7.18,22.47,3.78,False
Berkeley_4,0.39,0.18,0.37,0.15,2.04,0.25,11.5,2.4,1.12,0.27,False
Berkeley_47,0.26,0.17,0.24,0.16,1.48,0.27,5.67,1.67,2.39,1.36,False
Berkeley_6,0.44,0.11,0.41,0.09,2.22,0.36,16.4,4.3,2.22,1.73,False
Berkeley_60,0.62,0.05,0.58,0.05,1.72,0.13,10.8,1.65,35.44,8.73,False
Berkeley_61,0.41,0.2,0.37,0.17,0.91,0.19,3.19,1.05,26.43,20.6,False
Berkeley_62,0.32,0.06,0.29,0.04,6.76,0.66,111.81,19.86,0.17,0.03,False
Berkeley_69,0.68,0.05,0.62,0.05,1.79,0.15,12.77,2.05,76.0,19.49,False
Berkeley_7,0.44,0.13,0.39,0.11,2.32,0.36,21.17,5.37,1.78,0.48,False
Berkeley_77,0.62,0.05,0.57,0.05,2.03,0.24,14.25,2.91,53.74,11.99,False
Berkeley_8,0.48,0.08,0.45,0.05,2.8,0.16,39.92,5.22,84.3,18.11,False
Berkeley_81,0.4,0.08,0.37,0.08,2.79,0.28,23.88,4.27,33.11,7.39,False
Berkeley_86,0.4,0.13,0.36,0.12,2.12,0.31,13.03,3.11,0.57,0.17,False
Berkeley_87,0.37,0.08,0.33,0.09,3.31,0.38,24.87,4.98,0.33,0.08,False
Berkeley_94,0.39,0.16,0.37,0.16,2.12,0.28,9.81,2.18,1.31,0.43,False
Berkeley_96,0.47,0.2,0.42,0.19,1.08,0.25,3.99,1.44,3.82,2.6,False
Berkeley_97,0.45,0.19,0.41,0.18,1.57,0.41,7.56,3.05,1.98,1.11,False
Bica_2,0.37,0.09,0.33,0.08,1.56,0.16,6.89,1.24,0.68,0.14,False
Biurakan_2,0.43,0.13,0.4,0.11,3.5,0.47,32.56,7.35,0.25,0.06,False
Blanco_1,0.28,0.02,0.26,0.02,3.48,0.36,89.72,16.53,1.11,0.21,True
Bochum_3,0.42,0.21,0.36,0.2,1.51,0.28,8.23,2.42,30.68,20.84,False
Bochum_4,0.38,0.07,0.32,0.06,2.93,0.36,26.31,5.43,6.67,3.7,False
COIN-Gaia_1,0.37,0.14,0.33,0.12,3.11,0.31,30.94,5.58,6.39,2.25,False
COIN-Gaia_10,0.36,0.15,0.31,0.16,2.86,0.62,21.02,7.16,7.01,4.43,False
COIN-Gaia_11,0.42,0.14,0.36,0.11,2.9,0.42,27.42,6.49,20.65,6.14,False
COIN-Gaia_12,0.43,0.04,0.39,0.04,4.87,0.57,63.11,12.76,9.27,2.07,False
COIN-Gaia_13,0.48,0.17,0.45,0.15,8.67,0.57,236.25,32.94,0.69,0.24,True
COIN-Gaia_15,0.5,0.04,0.47,0.04,2.62,0.27,29.93,5.46,3.23,0.89,False
COIN-Gaia_17,0.48,0.05,0.43,0.22,2.41,0.33,22.55,5.16,5.91,2.97,False
COIN-Gaia_18,0.44,0.05,0.39,0.05,4.4,0.54,48.28,10.11,3.9,1.22,False
COIN-Gaia_19,0.37,0.05,0.32,0.05,3.45,0.46,34.29,7.66,9.35,5.36,False
COIN-Gaia_20,0.54,0.05,0.48,0.05,3.55,1.01,33.56,14.76,5.35,2.61,False
COIN-Gaia_21,0.35,0.18,0.29,0.17,1.67,0.52,9.03,4.29,1.92,0.94,False
COIN-Gaia_22,0.47,0.04,0.42,0.04,2.41,0.36,20.43,5.03,10.27,3.53,False
COIN-Gaia_23,0.39,0.16,0.34,0.14,4.12,0.8,44.74,13.8,4.77,3.01,False
COIN-Gaia_24,0.39,0.2,0.34,0.19,3.23,0.28,33.4,5.49,5.35,2.09,False
COIN-Gaia_25,0.39,0.04,0.35,0.19,4.86,0.3,68.52,9.39,9.02,1.6,False
COIN-Gaia_26,0.4,0.04,0.37,0.04,2.16,0.4,15.12,4.48,9.3,3.35,False
COIN-Gaia_27,0.54,0.05,0.5,0.25,3.63,0.67,40.27,11.91,10.3,6.02,False
COIN-Gaia_28,0.42,0.03,0.39,0.03,3.77,0.48,50.28,10.88,1.78,0.65,False
COIN-Gaia_3,0.3,0.11,0.27,0.11,1.69,0.23,10.84,2.49,9.71,5.1,False
COIN-Gaia_30,0.44,0.14,0.39,0.15,2.04,0.21,18.33,3.35,9.79,2.79,False
COIN-Gaia_32,0.5,0.29,0.44,0.26,2.16,0.52,10.86,4.02,14.97,8.35,False
COIN-Gaia_34,0.45,0.29,0.41,0.27,3.57,0.72,25.29,8.01,2.98,4.34,False
COIN-Gaia_35,0.48,0.16,0.42,0.15,2.2,0.58,11.75,4.79,4.73,5.91,False
COIN-Gaia_37,0.42,0.21,0.38,0.19,10.08,0.9,136.54,22.81,0.8,0.18,False
COIN-Gaia_7,0.37,0.2,0.33,0.15,3.58,0.5,35.86,8.25,2.99,0.84,False
COIN-Gaia_9,0.45,0.06,0.4,0.06,3.96,0.59,37.63,9.19,4.99,2.55,False
Collinder_115,0.34,0.07,0.31,0.06,3.04,0.28,44.01,7.52,3.2,0.97,False
Collinder_140,0.62,0.03,0.6,0.03,3.88,0.5,66.06,14.4,0.63,0.15,True
Collinder_185,0.34,0.17,0.3,0.16,2.67,0.44,19.95,5.33,5.45,1.64,False
Collinder_205,0.37,0.14,0.33,0.13,1.38,0.21,6.48,1.64,0.95,0.26,False
Collinder_258,0.38,0.16,0.35,0.04,2.25,0.25,20.51,3.93,7.18,1.45,False
Collinder_269,0.46,0.04,0.42,0.04,3.84,0.53,38.88,8.92,9.89,2.62,False
Collinder_272,0.38,0.07,0.35,0.07,4.92,0.4,87.63,13.72,0.34,0.06,False
Collinder_277,0.42,0.09,0.38,0.09,3.34,0.24,44.19,6.42,19.8,3.21,False
Collinder_292,0.31,0.08,0.28,0.08,4.72,0.35,67.02,9.99,1.3,0.51,False
Collinder_307,0.29,0.07,0.26,0.08,1.95,0.14,16.26,2.39,8.71,5.13,False
Collinder_338,0.51,0.06,0.48,0.05,2.37,0.44,20.09,5.96,9.93,3.9,False
Collinder_394,0.42,0.03,0.39,0.03,2.48,0.15,30.86,4.18,3.9,0.97,False
Collinder_419,0.35,0.06,0.29,0.06,0.76,0.2,2.95,1.2,1.67,0.71,False
Collinder_421,0.42,0.1,0.39,0.09,2.6,0.21,27.72,4.37,2.57,2.06,False
Collinder_74,0.5,0.22,0.47,0.19,2.69,0.31,19.43,3.84,85.82,40.3,False
Collinder_95,0.38,0.15,0.36,0.13,2.29,0.37,25.95,6.76,0.28,0.1,False
Czernik_1,0.38,0.08,0.32,0.08,0.86,0.17,2.37,0.74,7.12,3.6,False
Czernik_13,0.43,0.17,0.41,0.19,2.38,0.21,17.62,2.95,5.4,2.27,False
Czernik_16,0.41,0.16,0.38,0.17,2.43,0.28,15.04,3.02,16.82,4.38,False
Czernik_19,0.39,0.13,0.37,0.13,3.19,0.27,28.81,4.6,5.21,1.47,False
Czernik_2,0.44,0.16,0.41,0.15,2.35,0.27,17.69,3.56,19.83,9.3,False
Czernik_23,0.67,0.05,0.61,0.05,2.67,0.31,24.33,4.89,12.44,2.65,False
Czernik_27,0.52,0.27,0.49,0.23,3.42,0.43,25.15,5.34,50.4,11.12,False
Czernik_31,0.43,0.14,0.41,0.13,3.31,0.54,32.52,8.61,0.91,0.78,False
Czernik_43,0.49,0.17,0.46,0.14,2.34,0.17,18.55,2.72,4.69,3.77,False
Czernik_5,0.45,0.21,0.42,0.19,1.8,0.21,8.75,1.74,25.58,11.18,False
Czernik_6,0.43,0.2,0.37,0.19,1.58,0.36,8.05,2.91,2.87,3.55,False
Czernik_8,0.4,0.17,0.36,0.16,0.97,0.14,3.8,0.89,14.19,6.89,False
Czernik_9,0.47,0.18,0.44,0.17,1.17,0.17,4.64,1.09,74.8,56.71,False
DBSB_7,0.33,0.07,0.3,0.07,5.3,0.28,70.03,8.88,0.35,0.05,False
Dias_5,0.4,0.13,0.37,0.09,2.11,0.2,22.91,3.92,0.23,0.09,False
Dolidze_3,0.51,0.18,0.48,0.17,3.39,0.33,28.59,5.04,0.35,0.08,False
Dolidze_5,0.38,0.1,0.35,0.09,2.74,0.32,24.36,4.86,0.91,0.57,False
ESO_130_06,0.45,0.06,0.41,0.05,1.2,0.13,6.39,1.24,27.02,12.42,False
ESO_130_08,0.47,0.21,0.44,0.21,1.97,0.16,15.33,2.46,9.85,3.57,False
ESO_130_13,0.43,0.2,0.4,0.18,2.58,0.4,24.15,6.11,2.18,0.89,False
ESO_166_04,0.5,0.29,0.45,0.28,0.97,0.2,3.88,1.27,48.5,20.39,False
ESO_332_13,0.25,0.09,0.21,0.09,1.53,0.11,9.0,1.32,0.69,0.14,False
ESO_368_11,0.48,0.04,0.44,0.04,1.95,0.16,13.42,2.1,35.92,23.5,False
FSR_0198,0.36,0.12,0.32,0.1,3.07,0.57,22.93,6.79,0.32,0.11,False
FSR_0224,0.41,0.26,0.37,0.25,0.56,0.13,1.13,0.42,4.68,1.81,False
FSR_0236,0.3,0.13,0.25,0.12,1.46,0.17,5.95,1.19,1.35,0.37,False
FSR_0241,0.44,0.17,0.4,0.14,4.33,0.47,45.92,8.73,26.18,5.15,False
FSR_0278,0.43,0.17,0.4,0.14,2.49,0.28,13.94,2.72,181.44,38.16,False
FSR_0342,0.38,0.08,0.35,0.07,4.17,0.26,53.06,7.23,18.04,3.56,False
FSR_0357,0.47,0.06,0.42,0.23,1.53,0.23,7.02,1.75,3.83,2.53,False
FSR_0384,0.5,0.06,0.46,0.06,0.93,0.13,3.18,0.76,104.15,37.25,False
FSR_0385,0.42,0.14,0.37,0.16,1.4,0.2,7.41,1.75,83.01,22.59,False
FSR_0398,0.36,0.18,0.31,0.16,1.02,0.15,5.65,1.33,3.1,0.94,False
FSR_0430,0.51,0.21,0.45,0.19,1.84,0.2,9.75,1.89,17.95,9.54,False
FSR_0441,0.46,0.21,0.4,0.18,1.89,0.21,9.26,1.78,6.49,5.63,False
FSR_0448,0.49,0.21,0.44,0.19,2.44,0.51,13.67,4.47,54.1,37.89,False
FSR_0496,0.38,0.1,0.34,0.1,1.98,0.09,15.1,1.86,48.87,11.01,False
FSR_0498,0.35,0.13,0.33,0.13,5.1,0.8,59.22,15.04,0.62,0.25,False
FSR_0537,0.46,0.06,0.41,0.06,2.03,0.29,12.14,2.9,3.77,1.03,False
FSR_0551,0.39,0.21,0.32,0.18,1.22,0.31,7.59,2.97,1.43,0.56,False
FSR_0553,0.38,0.22,0.32,0.18,1.5,0.27,7.98,2.26,96.17,71.61,False
FSR_0591,0.41,0.2,0.36,0.16,2.22,0.24,12.45,2.36,1.39,0.4,False
FSR_0667,0.53,0.08,0.47,0.08,0.8,0.24,2.74,1.26,150.46,75.46,False
FSR_0716,0.68,0.04,0.61,0.3,3.03,0.28,31.67,5.34,38.57,7.25,False
FSR_0728,0.4,0.16,0.37,0.16,1.55,0.17,8.53,1.64,13.42,6.39,False
FSR_0735,0.62,0.05,0.58,0.05,2.52,0.34,17.49,3.99,26.74,28.37,False
FSR_0761,0.53,0.07,0.47,0.07,1.4,0.19,6.15,1.38,90.67,38.2,False
FSR_0771,0.44,0.21,0.41,0.2,3.45,0.48,28.86,6.65,10.91,2.58,False
FSR_0811,0.51,0.06,0.47,0.06,2.1,0.42,12.36,3.93,62.79,22.26,False
FSR_0850,0.47,0.15,0.44,0.12,3.15,0.38,39.86,8.24,9.45,5.11,False
FSR_0883,0.43,0.15,0.37,0.15,2.13,0.17,14.48,2.29,13.25,9.99,False
FSR_0893,0.43,0.1,0.4,0.09,4.01,0.25,44.93,6.2,8.62,1.83,False
FSR_0904,0.45,0.03,0.41,0.03,3.67,0.31,35.19,5.65,0.43,0.07,False
FSR_0905,0.4,0.22,0.35,0.2,1.52,0.21,8.72,2.0,68.8,18.45,False
FSR_0935,0.47,0.25,0.43,0.2,1.85,0.22,10.2,2.12,61.32,17.23,False
FSR_0948,0.7,0.06,0.63,0.06,2.0,0.25,11.24,2.35,39.85,12.54,False
FSR_0951,0.46,0.03,0.43,0.03,4.84,0.33,71.55,10.21,8.66,5.37,False
FSR_0968,0.55,0.07,0.5,0.07,2.18,0.2,12.14,2.03,3.71,1.21,False
FSR_0974,0.5,0.04,0.47,0.04,2.66,0.32,21.42,4.41,1.01,1.31,False
FSR_0977,0.52,0.28,0.48,0.27,0.69,0.17,1.48,0.56,574.25,340.26,False
FSR_0985,0.52,0.26,0.47,0.22,1.02,0.17,4.39,1.17,88.98,57.21,False
FSR_1085,0.56,0.06,0.5,0.06,1.14,0.17,6.53,1.57,23.34,9.3,False
FSR_1144,0.44,0.05,0.39,0.05,1.75,0.23,11.82,2.57,15.22,7.19,False
FSR_1150,0.46,0.19,0.42,0.18,1.87,0.22,10.75,2.2,58.42,18.71,False
FSR_1163,0.48,0.05,0.45,0.05,4.65,0.43,41.26,7.07,23.74,4.87,False
FSR_1180,0.41,0.11,0.38,0.11,3.74,0.15,43.86,5.09,11.77,6.54,False
FSR_1211,0.42,0.15,0.39,0.14,2.16,0.38,14.3,4.06,89.04,150.36,False
FSR_1252,0.55,0.04,0.52,0.04,2.75,0.21,22.33,3.35,44.58,7.54,False
FSR_1253,0.53,0.04,0.49,0.04,3.82,0.32,32.95,5.3,9.42,2.68,False
FSR_1284,0.38,0.18,0.33,0.17,1.98,0.28,11.65,2.76,65.41,17.27,False
FSR_1342,0.4,0.12,0.37,0.12,2.02,0.19,10.99,1.9,1.26,0.29,False
FSR_1360,0.37,0.19,0.34,0.18,1.63,0.15,8.85,1.52,12.16,3.7,False
FSR_1361,0.38,0.08,0.35,0.07,4.65,0.28,77.47,10.43,7.09,1.3,False
FSR_1363,0.43,0.06,0.38,0.06,1.86,0.17,9.99,1.67,8.84,4.14,False
FSR_1399,0.45,0.24,0.4,0.2,1.62,0.32,6.23,1.96,94.74,54.13,False
FSR_1443,0.52,0.08,0.47,0.08,2.35,0.26,14.65,2.84,28.65,28.45,False
FSR_1484,0.46,0.22,0.42,0.2,1.21,0.24,4.76,1.49,55.05,31.27,False
FSR_1723,0.51,0.04,0.48,0.04,0.98,0.13,4.9,1.06,26.82,7.15,False
Gulliver_1,0.44,0.11,0.4,0.1,5.53,0.48,82.3,13.48,16.09,2.99,False
Gulliver_11,0.47,0.07,0.42,0.07,2.03,0.58,15.74,6.88,13.93,11.28,False
Gulliver_12,0.46,0.07,0.43,0.07,4.22,0.37,37.8,6.21,4.4,1.85,False
Gulliver_13,0.46,0.25,0.43,0.2,3.41,0.5,28.67,6.89,22.78,17.16,False
Gulliver_14,0.26,0.14,0.23,0.12,4.04,0.58,41.27,9.74,11.39,3.39,False
Gulliver_17,0.29,0.08,0.25,0.09,2.37,0.29,25.31,5.25,4.13,1.16,False
Gulliver_18,0.33,0.06,0.3,0.05,4.18,0.34,72.12,11.36,1.6,0.26,False
Gulliver_20,0.44,0.05,0.38,0.21,4.88,0.47,71.47,12.59,9.97,2.63,True
Gulliver_21,0.3,0.1,0.26,0.1,3.26,0.43,43.37,9.7,3.47,1.61,True
Gulliver_24,0.36,0.18,0.31,0.16,2.29,0.29,20.45,4.43,9.02,4.42,False
Gulliver_25,0.47,0.05,0.42,0.05,8.6,2.08,122.1,45.91,2.43,1.46,False
Gulliver_26,0.48,0.18,0.44,0.17,3.01,0.63,22.26,7.38,21.02,11.42,False
Gulliver_27,0.45,0.04,0.42,0.04,2.69,0.35,24.99,5.44,6.34,3.18,False
Gulliver_28,0.7,0.05,0.64,0.05,4.71,0.75,63.37,16.5,15.82,17.57,False
Gulliver_31,0.34,0.14,0.3,0.13,2.23,0.23,16.6,3.08,10.69,3.46,False
Gulliver_32,0.56,0.07,0.52,0.07,3.24,0.49,23.59,5.86,23.13,29.12,False
Gulliver_35,0.49,0.2,0.46,0.19,2.77,0.53,21.0,6.34,5.87,3.5,False
Gulliver_36,0.43,0.15,0.39,0.13,2.9,0.22,30.3,4.65,23.31,8.37,False
Gulliver_37,0.4,0.16,0.38,0.16,2.88,0.47,23.94,6.29,7.62,3.46,False
Gulliver_39,0.4,0.17,0.36,0.15,2.26,0.36,11.84,3.07,60.09,29.04,False
Gulliver_40,0.29,0.18,0.25,0.17,1.92,0.34,10.29,2.92,7.74,4.25,False
Gulliver_44,0.42,0.14,0.39,0.11,3.24,0.35,37.91,7.18,16.19,4.71,False
Gulliver_47,0.42,0.04,0.39,0.04,6.81,0.71,96.65,17.93,4.32,0.89,False
Gulliver_5,0.53,0.22,0.49,0.2,4.26,0.64,30.34,7.47,0.4,0.11,False
Gulliver_50,0.44,0.04,0.41,0.04,3.84,0.53,47.05,10.82,2.24,0.93,False
Gulliver_56,0.43,0.06,0.38,0.06,2.66,0.23,18.66,3.06,17.74,6.42,False
Gulliver_59,0.47,0.04,0.44,0.04,4.96,0.47,60.04,10.48,1.74,1.43,False
Gulliver_6,0.25,0.07,0.23,0.06,3.52,0.44,67.35,14.37,0.2,0.04,True
Gulliver_60,0.29,0.1,0.26,0.1,2.23,0.22,20.74,3.67,4.73,2.12,False
Gulliver_8,0.32,0.18,0.26,0.17,0.74,0.45,2.52,2.33,10.84,10.18,False
Haffner_13,0.36,0.03,0.33,0.02,3.11,0.21,55.07,7.76,0.63,0.1,True
Haffner_16,0.49,0.13,0.44,0.11,1.39,0.17,9.54,2.03,22.1,17.48,False
Haffner_20,0.66,0.06,0.6,0.06,1.13,0.15,4.49,1.0,41.55,27.9,False
Haffner_21,0.46,0.16,0.42,0.15,1.21,0.15,7.14,1.52,89.22,22.06,False
Haffner_23,0.39,0.04,0.34,0.15,5.05,0.57,59.47,11.64,8.33,2.47,False
Haffner_26,0.48,0.04,0.42,0.04,3.7,0.26,35.13,5.14,18.81,3.16,False
Haffner_3,0.54,0.25,0.5,0.24,1.77,0.15,13.44,2.16,39.23,10.87,False
Haffner_4,0.6,0.15,0.55,0.13,2.21,0.26,13.71,2.77,53.46,53.78,False
Haffner_6,0.39,0.09,0.36,0.09,4.31,0.24,51.1,6.63,8.41,2.57,False
Haffner_7,0.46,0.05,0.43,0.05,2.02,0.31,11.69,2.9,58.91,15.39,False
Haffner_8,0.4,0.04,0.38,0.19,2.18,0.2,18.01,3.1,18.9,7.84,False
Haffner_9,0.39,0.1,0.36,0.1,1.78,0.16,14.56,2.4,6.41,4.08,False
Harvard_10,0.31,0.12,0.29,0.03,3.77,0.23,53.13,7.16,3.48,0.92,False
Harvard_20,0.47,0.04,0.44,0.04,3.63,0.54,33.46,8.17,3.18,1.06,False
Hogg_16,0.37,0.17,0.33,0.17,1.66,0.17,8.35,1.5,3.11,0.69,False
Hogg_22,0.54,0.06,0.51,0.06,1.6,0.38,5.87,2.18,1.5,0.61,False
Hogg_4,0.34,0.05,0.3,0.06,5.01,0.2,80.82,9.38,12.34,1.79,False
IC_1369,0.35,0.07,0.31,0.07,2.03,0.18,17.38,2.84,17.78,9.82,False
IC_1434,0.34,0.07,0.3,0.04,4.43,0.2,78.93,9.47,1.66,1.04,False
IC_1442,0.32,0.06,0.29,0.07,9.09,0.43,162.32,19.94,0.18,0.04,False
IC_1590,0.39,0.11,0.37,0.11,1.28,0.32,6.16,2.37,1.21,0.6,False
IC_2157,0.35,0.19,0.3,0.16,1.52,0.27,8.45,2.4,6.47,4.59,False
IC_2391,0.31,0.02,0.26,0.02,1.68,0.22,21.8,4.78,2.65,0.59,True
IC_2395,0.28,0.08,0.27,0.09,2.65,0.2,38.27,5.74,0.35,0.06,True
IC_2488,0.34,0.08,0.31,0.07,4.25,0.2,82.73,10.12,1.85,0.27,False
IC_2581,0.36,0.14,0.32,0.11,2.28,0.34,16.45,4.06,0.83,0.25,False
IC_2602,0.28,0.03,0.24,0.02,1.99,0.23,27.49,5.45,1.82,0.4,True
IC_2948,0.35,0.1,0.32,0.06,3.7,0.15,44.7,5.25,0.15,0.03,False
IC_361,0.36,0.05,0.33,0.05,3.55,0.14,59.68,6.97,17.31,2.43,False
IC_4665,0.29,0.07,0.25,0.08,2.58,0.19,42.14,6.17,4.83,3.09,False
IC_4996,0.47,0.15,0.44,0.13,0.89,0.12,3.96,0.88,2.68,0.61,False
Juchert_20,0.54,0.19,0.51,0.15,1.74,0.25,10.43,2.51,9.7,14.02,False
Kharchenko_1,0.68,0.05,0.62,0.05,3.1,0.41,24.01,5.29,19.53,5.52,False
King_12,0.42,0.16,0.36,0.16,2.45,0.41,16.22,4.41,1.12,0.39,False
King_13,0.37,0.05,0.34,0.07,3.54,0.17,54.02,6.6,10.65,1.71,False
King_14,0.37,0.14,0.33,0.12,2.09,0.2,14.41,2.53,2.05,0.63,False
King_15,0.39,0.15,0.36,0.13,2.0,0.26,12.83,2.85,7.9,9.93,False
King_16,0.5,0.05,0.44,0.23,1.37,0.31,6.8,2.44,3.51,2.89,False
King_17,0.72,0.07,0.64,0.07,1.46,0.27,6.49,1.94,5.58,6.02,False
King_18,0.42,0.1,0.38,0.08,4.68,0.57,69.76,14.59,3.63,0.86,False
King_19,0.39,0.13,0.34,0.1,2.38,0.23,20.24,3.57,29.43,5.92,False
King_20,0.33,0.13,0.28,0.12,1.75,0.18,10.8,1.99,3.89,1.35,False
King_21,0.45,0.04,0.41,0.18,1.54,0.14,7.37,1.24,2.13,0.64,False
King_4,0.45,0.23,0.41,0.22,1.98,0.2,13.97,2.52,6.0,4.91,False
King_5,0.39,0.08,0.36,0.06,3.69,0.26,57.46,8.36,15.91,2.7,False
King_6,0.38,0.08,0.35,0.08,1.61,0.13,16.53,2.59,7.14,3.36,False
Koposov_10,0.64,0.05,0.57,0.05,1.74,0.18,8.99,1.64,21.14,17.37,False
Koposov_12,0.45,0.03,0.42,0.03,3.42,0.26,38.28,5.82,11.7,3.74,False
Koposov_36,0.42,0.13,0.39,0.11,2.23,0.23,18.09,3.31,2.32,2.27,False
Koposov_43,0.66,0.05,0.6,0.24,4.45,0.49,31.18,6.04,35.17,7.62,False
Kronberger_4,0.48,0.19,0.46,0.18,1.32,0.22,5.32,1.42,152.22,47.96,False
LP_0201,0.39,0.13,0.37,0.13,1.61,0.19,8.35,1.72,2.46,0.82,False
LP_0665,0.45,0.18,0.41,0.16,4.74,0.89,39.87,11.92,28.53,9.24,False
LP_0733,0.4,0.1,0.37,0.11,4.64,0.4,58.06,9.45,0.57,0.1,False
LP_0782,0.53,0.25,0.5,0.21,1.93,0.25,11.89,2.64,15.16,7.03,False
LP_1406,0.62,0.06,0.57,0.06,2.1,0.24,11.27,2.26,39.27,29.46,False
LP_1540,0.44,0.11,0.4,0.1,4.01,0.31,48.16,7.37,30.08,4.94,False
LP_1614,0.33,0.13,0.29,0.1,1.69,0.14,9.56,1.54,6.66,5.28,False
LP_1800,0.4,0.03,0.38,0.03,3.66,0.28,41.75,6.32,4.53,1.36,False
LP_1809,0.5,0.2,0.47,0.19,2.16,0.39,12.41,3.57,17.55,12.83,False
LP_198,0.36,0.06,0.33,0.08,8.9,0.88,212.89,37.95,1.3,0.85,False
LP_1994,0.46,0.14,0.44,0.12,3.32,0.31,40.94,7.08,16.29,3.17,False
LP_2000,0.27,0.08,0.24,0.07,4.23,0.49,52.21,10.48,2.75,0.76,False
LP_2059,0.41,0.03,0.39,0.03,13.54,0.73,406.1,52.27,0.24,0.05,False
LP_2068,0.35,0.09,0.31,0.08,2.85,0.25,27.9,4.59,6.67,1.44,False
LP_2094,0.4,0.04,0.36,0.04,2.34,0.22,19.34,3.32,11.16,3.5,False
LP_2123,0.42,0.15,0.37,0.14,1.53,0.28,8.42,2.48,15.95,5.15,False
LP_2219,0.32,0.06,0.29,0.05,9.9,0.63,266.12,36.61,0.4,0.09,False
LP_2220,0.46,0.04,0.42,0.04,4.48,0.72,56.78,14.85,8.93,2.67,False
LP_2238,0.5,0.04,0.46,0.04,2.19,0.31,17.23,4.03,29.91,12.48,True
LP_2253,0.44,0.15,0.41,0.13,2.23,0.28,18.19,3.85,6.1,2.4,False
LP_2312,0.42,0.2,0.37,0.18,2.19,0.29,14.08,3.12,10.31,5.61,False
LP_2339,0.27,0.11,0.23,0.1,2.61,0.33,23.05,4.91,3.85,2.21,False
LP_589,0.42,0.04,0.4,0.04,3.35,0.44,31.25,6.9,16.11,3.9,False
LP_597,0.41,0.1,0.37,0.08,3.23,0.29,31.77,5.32,19.64,14.22,False
LP_658,0.48,0.04,0.45,0.04,4.29,0.56,48.79,10.78,21.12,4.77,False
LP_866,0.43,0.1,0.39,0.07,2.76,0.26,29.22,5.07,113.6,44.85,False
LP_930,0.42,0.13,0.4,0.11,3.11,0.27,32.03,5.26,49.48,8.85,False
Loden_1194,0.37,0.06,0.3,0.06,2.89,0.36,24.56,5.24,9.61,2.56,False
Loden_372,0.41,0.05,0.37,0.05,2.07,0.23,13.49,2.59,10.44,3.23,False
Loden_46,0.45,0.17,0.42,0.16,8.43,1.6,129.67,39.12,6.34,2.12,True
Lynga_2,0.39,0.04,0.36,0.04,2.25,0.2,20.51,3.43,5.47,1.78,False
Majaess_65,0.37,0.24,0.31,0.2,1.53,0.24,7.65,1.92,14.81,4.89,False
Mamajek_4,0.34,0.08,0.3,0.07,10.97,0.8,345.43,50.99,1.71,0.3,True
Markarian_38,0.41,0.26,0.37,0.22,1.15,0.52,4.34,2.95,3.36,2.6,False
Melotte_22,0.28,0.01,0.25,0.01,2.59,0.14,68.47,8.88,1.48,0.2,True
Melotte_72,0.52,0.14,0.49,0.14,2.17,0.26,20.43,4.21,61.19,13.13,False
NGC_1027,0.3,0.07,0.27,0.07,3.31,0.18,50.41,6.48,2.52,0.82,False
NGC_103,0.44,0.23,0.41,0.18,2.33,0.15,21.53,3.03,4.6,1.64,False
NGC_1220,0.48,0.07,0.42,0.07,0.67,0.15,1.96,0.69,18.2,11.37,False
NGC_129,0.31,0.05,0.27,0.05,5.36,0.34,116.62,16.02,0.79,0.13,False
NGC_1342,0.34,0.08,0.31,0.07,2.87,0.14,42.83,5.36,9.4,2.37,False
NGC_146,0.47,0.04,0.43,0.04,3.87,0.53,37.94,8.69,0.66,0.19,False
NGC_1496,0.42,0.18,0.36,0.16,0.95,0.12,4.21,0.93,83.2,28.8,False
NGC_1502,0.48,0.12,0.46,0.12,0.92,0.16,4.97,1.39,1.53,0.48,False
NGC_1513,0.38,0.1,0.35,0.09,2.19,0.14,26.01,3.6,6.53,2.94,False
NGC_1528,0.37,0.13,0.34,0.16,3.38,0.26,42.87,6.51,8.09,2.32,False
NGC_1545,0.33,0.11,0.3,0.1,3.26,0.26,43.96,6.76,3.04,1.73,False
NGC_1582,0.49,0.24,0.45,0.22,4.19,0.44,49.46,9.15,3.12,1.22,False
NGC_1605,0.43,0.23,0.41,0.04,1.93,0.22,15.62,3.14,4.03,4.01,False
NGC_1662,0.52,0.03,0.49,0.03,3.57,0.37,61.23,11.35,11.48,3.06,False
NGC_1664,0.41,0.03,0.38,0.03,2.4,0.16,28.42,3.96,19.51,3.23,False
NGC_1708,0.55,0.18,0.51,0.17,3.16,0.28,33.87,5.58,5.84,1.8,False
NGC_1750,0.4,0.02,0.36,0.02,4.66,0.25,92.25,11.92,1.67,0.61,False
NGC_1758,0.49,0.04,0.44,0.04,1.45,0.14,11.63,2.01,47.48,8.75,False
NGC_1778,0.5,0.03,0.44,0.03,3.16,0.22,35.83,5.13,2.72,0.9,False
NGC_1857,0.4,0.15,0.38,0.14,2.83,0.11,31.24,3.62,8.74,1.36,False
NGC_1883,0.69,0.04,0.63,0.04,2.22,0.17,18.23,2.8,23.24,6.08,False
NGC_189,0.38,0.17,0.35,0.17,1.27,0.25,5.12,1.61,125.02,48.44,False
NGC_1901,0.42,0.05,0.38,0.05,3.58,0.41,35.44,6.98,21.76,7.22,True
NGC_1907,0.44,0.16,0.42,0.16,1.42,0.11,12.07,1.87,54.11,11.06,False
NGC_1912,0.3,0.05,0.26,0.06,3.48,0.17,68.39,8.55,4.68,0.75,False
NGC_1960,0.29,0.08,0.27,0.07,1.49,0.11,14.92,2.2,1.89,0.31,False
NGC_2126,0.51,0.21,0.48,0.22,1.95,0.21,17.75,3.41,85.49,16.96,False
NGC_2129,0.48,0.16,0.43,0.17,1.16,0.19,4.82,1.28,4.72,1.95,False
NGC_2169,0.67,0.04,0.6,0.04,1.07,0.36,5.29,2.68,1.5,0.79,False
NGC_2183,0.42,0.14,0.38,0.12,3.4,0.41,45.88,9.4,0.16,0.05,False
NGC_2184,0.51,0.05,0.47,0.05,2.29,0.32,21.66,5.06,43.08,11.08,False
NGC_2192,0.52,0.03,0.48,0.03,2.63,0.16,24.96,3.33,56.46,8.94,False
NGC_2215,0.4,0.15,0.35,0.14,2.57,0.43,23.47,6.28,27.96,8.17,False
NGC_2225,0.65,0.33,0.59,0.23,1.66,0.23,8.59,1.99,144.86,36.59,False
NGC_2232,0.4,0.03,0.38,0.02,2.7,0.34,42.6,9.17,0.66,0.15,True
NGC_2236,0.39,0.08,0.35,0.06,3.32,0.2,53.62,7.23,16.78,2.44,False
NGC_225,0.29,0.18,0.25,0.15,1.64,0.29,8.58,2.42,20.16,8.71,False
NGC_2259,0.49,0.04,0.46,0.04,1.36,0.13,9.6,1.7,32.87,8.51,False
NGC_2262,0.39,0.07,0.36,0.07,2.37,0.19,27.51,4.31,34.96,7.36,False
NGC_2264,0.38,0.03,0.35,0.03,0.9,0.12,6.27,1.44,0.88,0.26,True
NGC_2266,0.64,0.03,0.58,0.03,2.5,0.18,30.54,4.5,34.36,5.38,False
NGC_2269,0.42,0.05,0.37,0.05,0.97,0.18,3.59,1.07,69.47,36.56,False
NGC_2281,0.3,0.05,0.27,0.05,3.02,0.18,57.73,7.7,9.43,1.57,True
NGC_2286,0.41,0.03,0.39,0.03,2.87,0.22,30.92,4.68,18.27,4.55,False
NGC_2287,0.3,0.09,0.28,0.02,3.69,0.18,77.59,9.63,2.55,0.5,True
NGC_2301,0.3,0.02,0.28,0.02,2.47,0.12,41.69,5.17,4.85,0.84,True
NGC_2302,0.34,0.05,0.3,0.05,1.32,0.14,7.69,1.47,16.0,4.05,False
NGC_2311,0.37,0.19,0.34,0.18,1.71,0.32,11.1,3.29,5.66,3.02,False
NGC_2318,0.43,0.12,0.39,0.1,3.81,0.3,41.64,6.38,12.29,3.1,False
NGC_2343,0.43,0.22,0.39,0.22,1.08,0.14,6.26,1.34,24.76,10.06,False
NGC_2354,0.42,0.11,0.38,0.09,3.03,0.24,31.72,4.94,50.43,8.19,True
NGC_2355,0.41,0.12,0.37,0.12,2.4,0.19,30.32,4.72,40.95,6.9,False
NGC_2360,0.36,0.02,0.32,0.02,2.74,0.15,48.29,6.3,26.43,3.87,True
NGC_2374,0.38,0.05,0.34,0.05,3.3,0.37,29.54,5.82,12.72,2.86,False
NGC_2383,0.4,0.03,0.37,0.03,1.67,0.13,16.26,2.47,17.38,3.76,False
NGC_2384,0.47,0.2,0.42,0.2,1.33,0.27,5.66,1.8,4.16,1.74,False
NGC_2396,0.39,0.02,0.37,0.02,4.69,0.45,66.97,11.8,2.38,0.52,False
NGC_2401,0.67,0.05,0.6,0.05,1.15,0.16,5.6,1.26,11.59,7.84,False
NGC_2414,0.59,0.03,0.53,0.03,3.25,0.34,27.44,5.07,0.52,0.12,False
NGC_2421,0.29,0.05,0.26,0.05,4.08,0.26,69.53,9.68,0.98,0.41,False
NGC_2423,0.34,0.08,0.31,0.09,4.25,0.21,74.58,9.2,14.98,1.98,True
NGC_2428,0.39,0.16,0.35,0.18,3.38,0.25,40.74,6.09,18.96,3.01,True
NGC_2432,0.4,0.03,0.36,0.03,1.99,0.14,16.86,2.47,55.11,9.75,False
NGC_2439,0.28,0.05,0.25,0.04,3.94,0.25,60.66,8.34,0.39,0.08,False
NGC_2448,0.46,0.19,0.42,0.04,4.87,0.46,75.24,13.01,1.74,0.8,True
NGC_2451A,0.44,0.02,0.41,0.02,3.37,0.23,66.71,9.54,0.78,0.13,True
NGC_2451B,0.32,0.02,0.29,0.02,3.41,0.36,66.96,12.48,0.64,0.12,True
NGC_2453,0.39,0.12,0.37,0.1,2.03,0.29,17.21,4.1,1.66,0.92,False
NGC_2479,0.45,0.24,0.42,0.04,1.92,0.23,14.43,2.94,87.46,18.54,False
NGC_2482,0.48,0.04,0.44,0.04,2.91,0.32,28.98,5.64,23.17,5.18,True
NGC_2489,0.36,0.08,0.33,0.07,2.07,0.12,22.24,2.91,16.51,4.21,False
NGC_2509,0.36,0.08,0.33,0.06,2.96,0.2,30.73,4.4,45.54,6.52,False
NGC_2533,0.44,0.14,0.4,0.12,3.16,0.22,29.09,4.25,34.45,6.12,False
NGC_2539,0.35,0.02,0.31,0.02,3.86,0.2,76.69,9.69,10.12,1.35,True
NGC_2546,0.33,0.03,0.29,0.03,3.66,0.27,51.03,7.6,3.44,0.56,False
NGC_2547,0.31,0.02,0.29,0.02,1.7,0.14,22.02,3.43,1.61,0.43,True
NGC_2548,0.33,0.02,0.3,0.02,4.56,0.21,97.4,11.92,5.31,0.76,True
NGC_2571,0.34,0.04,0.31,0.03,2.17,0.23,22.44,4.23,1.17,0.5,True
NGC_2587,0.41,0.03,0.37,0.03,7.36,0.75,145.93,26.62,4.64,0.93,False
NGC_2645,0.55,0.22,0.52,0.24,1.54,0.21,10.22,2.28,2.04,0.61,False
NGC_2659,0.5,0.18,0.48,0.18,1.37,0.16,7.49,1.48,4.66,2.14,False
NGC_2669,0.44,0.03,0.41,0.03,1.89,0.16,17.56,2.85,7.41,1.73,False
NGC_2670,0.27,0.07,0.23,0.08,2.39,0.2,25.59,4.07,4.9,0.99,False
NGC_2671,0.35,0.08,0.32,0.07,1.7,0.15,14.67,2.42,28.22,20.93,False
NGC_2682,0.38,0.07,0.34,0.05,2.68,0.1,50.44,5.77,75.02,9.32,True
NGC_2818,0.4,0.1,0.36,0.09,4.5,0.35,67.48,10.32,18.61,3.14,False
NGC_2866,0.55,0.05,0.52,0.05,0.74,0.1,3.75,0.83,29.61,11.12,False
NGC_2910,0.45,0.04,0.41,0.03,1.18,0.11,7.55,1.31,13.77,4.25,False
NGC_2925,0.37,0.04,0.34,0.04,1.51,0.14,11.29,1.91,18.51,8.84,True
NGC_2972,0.33,0.17,0.31,0.17,1.17,0.09,6.01,0.94,71.15,16.96,False
NGC_3033,0.43,0.16,0.41,0.16,3.0,0.34,26.17,5.12,26.5,6.53,False
NGC_3228,0.47,0.04,0.43,0.04,3.03,0.44,39.43,9.45,1.33,0.51,True
NGC_3255,0.4,0.12,0.35,0.1,1.42,0.15,8.1,1.48,43.41,15.66,False
NGC_3293,0.34,0.06,0.3,0.06,1.91,0.13,18.66,2.68,0.75,0.13,False
NGC_3496,0.37,0.04,0.34,0.05,3.33,0.17,58.17,7.31,9.32,1.28,False
NGC_3590,0.4,0.13,0.36,0.1,1.11,0.14,5.86,1.27,2.41,0.56,False
NGC_3680,0.5,0.05,0.46,0.05,2.15,0.29,12.85,2.94,156.03,38.62,True
NGC_381,0.51,0.04,0.47,0.04,1.38,0.16,9.92,1.99,35.61,10.57,False
NGC_3960,0.37,0.07,0.33,0.06,2.28,0.13,25.27,3.3,37.35,6.02,False
NGC_433,0.42,0.21,0.4,0.16,1.53,0.11,11.04,1.64,6.5,1.42,False
NGC_4337,0.4,0.09,0.37,0.08,2.12,0.16,19.1,2.85,77.78,11.79,False
NGC_436,0.48,0.16,0.43,0.12,2.02,0.2,14.54,2.58,5.77,1.73,False
NGC_4439,0.42,0.06,0.38,0.05,1.55,0.34,8.35,2.84,6.33,2.3,False
NGC_4463,0.3,0.11,0.25,0.1,1.4,0.16,7.54,1.49,4.12,1.9,False
NGC_4609,0.33,0.06,0.3,0.06,3.02,0.24,44.8,6.93,1.69,0.38,False
NGC_4852,0.38,0.09,0.35,0.1,2.52,0.21,25.61,4.15,4.44,0.95,False
NGC_5138,0.31,0.17,0.26,0.12,2.12,0.29,14.25,3.24,7.4,3.2,False
NGC_5168,0.43,0.14,0.4,0.13,1.73,0.13,16.08,2.42,43.84,8.37,False
NGC_5269,0.27,0.09,0.24,0.09,1.55,0.11,10.39,1.54,16.19,7.83,False
NGC_5281,0.37,0.04,0.34,0.04,1.17,0.17,6.4,1.52,9.91,3.13,False
NGC_5288,0.38,0.12,0.34,0.12,1.35,0.13,8.21,1.41,47.15,38.54,False
NGC_5316,0.44,0.04,0.4,0.04,3.26,0.37,33.01,6.44,4.16,1.96,False
NGC_5460,0.43,0.04,0.39,0.04,2.63,0.24,29.09,4.86,6.1,2.47,True
NGC_559,0.31,0.05,0.28,0.05,2.7,0.13,42.31,5.23,13.51,2.03,False
NGC_5593,0.44,0.2,0.39,0.18,2.08,0.2,16.56,2.9,11.96,2.96,False
NGC_5662,0.37,0.11,0.34,0.12,3.47,0.23,50.09,7.09,2.37,1.02,False
NGC_5715,0.3,0.06,0.27,0.09,2.2,0.23,21.34,3.91,22.22,6.7,False
NGC_5749,0.4,0.05,0.36,0.2,2.09,0.3,16.25,3.86,8.15,2.23,False
NGC_581,0.46,0.1,0.42,0.11,2.25,0.19,22.38,3.59,2.97,1.34,False
NGC_5999,0.38,0.07,0.35,0.08,1.65,0.09,15.33,1.99,10.65,5.19,False
NGC_6025,0.38,0.03,0.35,0.02,2.98,0.17,45.13,5.97,3.3,0.74,False
NGC_6031,0.3,0.1,0.25,0.1,1.17,0.13,6.81,1.35,7.44,3.76,False
NGC_6087,0.41,0.08,0.39,0.09,3.41,0.24,52.92,7.63,2.94,0.7,False
NGC_6134,0.31,0.05,0.28,0.04,2.51,0.11,41.86,5.03,29.8,3.94,False
NGC_6152,0.32,0.05,0.29,0.06,4.5,0.29,84.16,11.64,2.42,0.64,False
NGC_6178,0.45,0.06,0.4,0.06,0.74,0.2,3.12,1.31,4.25,1.9,False
NGC_6192,0.36,0.05,0.33,0.05,2.02,0.1,25.51,3.22,1.86,1.03,False
NGC_6204,0.43,0.15,0.4,0.16,1.16,0.1,8.99,1.44,11.47,2.66,False
NGC_6208,0.45,0.1,0.41,0.11,2.82,0.15,30.42,3.9,61.08,8.47,False
NGC_6242,0.36,0.18,0.33,0.02,2.11,0.13,29.75,3.98,2.29,0.55,False
NGC_6249,0.49,0.06,0.46,0.06,0.86,0.13,3.46,0.86,6.41,1.7,False
NGC_6253,0.41,0.08,0.38,0.06,1.65,0.07,13.61,1.65,246.08,30.81,False
NGC_6268,0.4,0.03,0.37,0.03,1.74,0.12,14.01,2.05,15.73,2.98,False
NGC_637,0.51,0.05,0.48,0.05,0.99,0.22,4.3,1.51,4.28,1.6,False
NGC_6425,0.47,0.03,0.44,0.03,1.94,0.21,17.42,3.36,29.57,5.94,False
NGC_6444,0.3,0.09,0.27,0.1,3.27,0.27,29.93,4.75,9.44,8.46,False
NGC_6475,0.38,0.02,0.34,0.02,2.09,0.09,32.15,3.88,14.45,1.74,True
NGC_6520,0.27,0.1,0.24,0.09,0.83,0.06,4.2,0.6,20.58,14.7,False
NGC_6568,0.3,0.08,0.27,0.08,2.78,0.19,32.05,4.63,24.27,3.78,False
NGC_659,0.38,0.13,0.34,0.12,2.46,0.21,19.56,3.14,1.21,0.31,False
NGC_6604,0.36,0.11,0.32,0.1,1.38,0.21,6.4,1.6,1.01,0.28,False
NGC_6633,0.46,0.11,0.44,0.09,2.44,0.13,30.95,3.99,25.73,10.89,False
NGC_6694,0.34,0.14,0.31,0.11,2.4,0.18,29.51,4.38,3.4,1.34,False
NGC_6709,0.39,0.17,0.36,0.03,2.62,0.19,34.83,5.12,4.52,0.84,False
NGC_6728,0.38,0.13,0.35,0.13,5.04,0.35,90.69,13.06,6.37,1.1,False
NGC_6793,0.3,0.1,0.25,0.07,2.19,0.19,24.32,3.99,13.52,5.71,False
NGC_6811,0.44,0.03,0.41,0.03,3.14,0.21,44.3,6.32,22.73,3.3,True
NGC_6830,0.28,0.08,0.24,0.07,2.69,0.17,27.7,3.85,1.9,0.97,False
NGC_6866,0.48,0.03,0.45,0.03,2.58,0.3,26.88,5.43,29.01,6.21,False
NGC_6910,0.32,0.07,0.29,0.06,4.09,0.44,56.06,10.66,0.17,0.04,False
NGC_6913,0.35,0.09,0.32,0.1,3.43,0.32,33.14,5.65,0.25,0.05,False
NGC_6939,0.36,0.04,0.33,0.04,3.02,0.13,48.74,5.8,31.27,3.92,False
NGC_6940,0.34,0.06,0.31,0.05,4.02,0.21,78.15,9.83,13.46,1.77,False
NGC_6991,0.48,0.17,0.46,0.16,4.11,0.5,64.57,13.48,22.23,4.69,True
NGC_6997,0.3,0.08,0.25,0.08,1.59,0.12,13.9,2.14,30.76,7.44,False
NGC_7039,0.31,0.04,0.29,0.16,2.01,0.35,20.19,5.6,0.66,0.19,False
NGC_7062,0.4,0.14,0.36,0.11,1.85,0.23,13.65,2.86,32.72,14.26,False
NGC_7063,0.47,0.06,0.43,0.06,1.12,0.16,6.54,1.56,23.51,10.73,True
NGC_7067,0.5,0.06,0.45,0.25,2.18,0.42,10.11,3.12,1.2,0.39,False
NGC_7082,0.41,0.02,0.38,0.02,3.73,0.23,59.97,8.12,2.8,0.74,False
NGC_7086,0.29,0.04,0.26,0.04,2.65,0.13,40.82,5.05,1.35,0.73,False
NGC_7092,0.27,0.1,0.24,0.09,4.3,0.53,77.41,16.14,4.74,1.84,True
NGC_7128,0.35,0.09,0.31,0.09,1.15,0.11,5.32,0.96,2.91,0.8,False
NGC_7142,0.41,0.07,0.39,0.07,3.11,0.17,29.42,3.82,107.98,16.01,False
NGC_7160,0.35,0.16,0.3,0.15,0.87,0.12,3.66,0.83,4.97,1.92,False
NGC_7209,0.39,0.09,0.36,0.11,5.29,0.44,85.11,13.57,4.95,1.34,False
NGC_7226,0.46,0.23,0.43,0.21,1.34,0.16,5.79,1.17,67.4,50.16,False
NGC_7235,0.36,0.03,0.33,0.03,3.15,0.27,24.4,3.96,0.58,0.12,False
NGC_7243,0.37,0.03,0.35,0.02,3.28,0.22,48.17,6.77,2.8,0.67,False
NGC_7245,0.36,0.05,0.32,0.06,3.14,0.18,48.39,6.43,12.92,2.14,False
NGC_7296,0.54,0.04,0.49,0.04,2.48,0.41,21.31,5.74,11.79,5.74,False
NGC_7423,0.58,0.16,0.54,0.13,2.08,0.17,18.6,2.91,71.53,13.17,False
NGC_743,0.39,0.19,0.34,0.16,2.32,0.28,17.75,3.66,3.75,2.73,False
NGC_744,0.4,0.16,0.37,0.14,1.42,0.17,8.77,1.78,25.12,9.32,False
NGC_7510,0.38,0.06,0.35,0.06,2.06,0.27,15.89,3.47,0.66,0.15,False
NGC_7762,0.38,0.08,0.35,0.06,2.2,0.11,25.25,3.12,63.64,8.6,False
NGC_7790,0.3,0.08,0.27,0.08,3.22,0.44,33.42,7.6,0.86,0.61,False
NGC_886,0.36,0.09,0.32,0.09,4.29,0.4,54.27,9.26,5.96,1.82,False
NGC_957,0.34,0.07,0.3,0.07,5.34,0.56,82.94,15.42,0.29,0.07,False
Patchick_3,0.49,0.2,0.46,0.18,1.97,0.23,12.78,2.57,108.25,23.62,False
Pismis_11,0.5,0.18,0.48,0.2,0.58,0.1,1.32,0.38,5.15,1.91,False
Pismis_12,0.5,0.15,0.48,0.12,1.99,0.13,17.08,2.43,69.09,11.81,False
Pismis_15,0.44,0.16,0.4,0.14,1.6,0.17,11.5,2.12,107.18,23.15,False
Pismis_27,0.43,0.18,0.37,0.18,0.96,0.36,3.89,2.21,2.28,1.3,False
Pismis_4,0.42,0.04,0.38,0.04,3.48,0.45,39.41,8.66,5.13,1.32,True
Pismis_5,0.39,0.1,0.36,0.12,1.69,0.4,16.83,6.17,0.6,0.25,False
Pismis_8,0.35,0.16,0.31,0.15,0.7,0.15,2.45,0.81,5.71,2.56,False
Pismis_Moreno_1,0.47,0.24,0.43,0.23,0.94,0.19,3.64,1.17,3.06,1.33,False
Platais_8,0.28,0.14,0.24,0.12,3.83,0.46,67.39,13.86,0.76,0.18,True
Platais_9,0.44,0.03,0.4,0.03,4.21,0.76,73.35,21.16,0.93,0.31,True
Pozzo_1,0.3,0.02,0.27,0.01,3.9,0.42,90.45,17.25,0.14,0.04,True
RSG_1,0.46,0.04,0.41,0.21,2.79,0.37,35.85,7.93,6.74,2.21,False
RSG_5,0.44,0.03,0.4,0.03,4.84,0.32,114.06,16.04,0.5,0.08,True
Roslund_3,0.32,0.1,0.27,0.09,2.38,0.28,20.44,4.1,5.12,1.36,False
Roslund_5,0.37,0.11,0.34,0.08,3.78,0.41,61.6,11.67,3.49,1.29,True
Roslund_6,0.4,0.1,0.37,0.09,6.17,0.33,157.56,20.16,2.07,0.55,True
Roslund_7,0.34,0.08,0.31,0.08,11.3,1.14,286.18,51.75,0.38,0.16,False
Ruprecht_1,0.52,0.04,0.46,0.04,3.49,0.46,40.75,8.94,11.88,3.35,False
Ruprecht_105,0.32,0.1,0.27,0.09,5.45,0.73,61.22,13.74,2.47,1.63,False
Ruprecht_107,0.3,0.1,0.25,0.1,2.14,0.23,16.49,3.09,7.46,4.08,False
Ruprecht_108,0.5,0.08,0.44,0.08,1.28,0.2,7.24,1.82,24.12,12.32,False
Ruprecht_111,0.45,0.11,0.42,0.1,1.9,0.12,15.73,2.14,72.64,12.21,False
Ruprecht_119,0.31,0.07,0.28,0.07,4.16,0.36,58.38,9.6,1.7,0.69,False
Ruprecht_120,0.26,0.17,0.23,0.16,1.35,0.12,5.32,0.9,4.62,4.17,False
Ruprecht_127,0.33,0.1,0.29,0.1,2.01,0.25,11.17,2.39,1.19,0.31,False
Ruprecht_128,0.34,0.06,0.31,0.07,1.85,0.14,17.48,2.6,29.75,29.25,False
Ruprecht_145,0.49,0.03,0.46,0.03,2.99,0.21,38.02,5.58,25.41,3.91,False
Ruprecht_148,0.46,0.26,0.41,0.2,2.17,0.24,12.62,2.45,2.18,1.4,False
Ruprecht_16,0.37,0.05,0.33,0.05,4.52,0.62,42.24,9.7,5.55,1.87,False
Ruprecht_171,0.41,0.06,0.38,0.06,2.83,0.11,40.86,4.69,74.25,9.0,False
Ruprecht_18,0.34,0.09,0.31,0.08,3.39,0.16,40.28,4.93,3.59,1.69,False
Ruprecht_19,0.38,0.06,0.35,0.05,4.74,0.62,53.35,11.69,1.6,0.58,True
Ruprecht_25,0.7,0.08,0.63,0.08,2.19,0.47,8.59,2.9,99.82,36.95,False
Ruprecht_28,0.44,0.13,0.41,0.12,3.14,0.23,32.5,4.87,79.64,21.72,False
Ruprecht_34,0.52,0.04,0.48,0.04,4.35,0.66,58.03,14.44,3.77,1.47,False
Ruprecht_35,0.44,0.19,0.41,0.17,3.59,0.61,33.02,9.02,0.76,0.44,False
Ruprecht_4,0.52,0.17,0.49,0.17,2.98,0.21,22.54,3.28,31.41,5.49,False
Ruprecht_41,0.41,0.1,0.38,0.1,8.28,0.45,179.06,23.08,1.4,1.15,False
Ruprecht_42,0.65,0.05,0.58,0.04,3.5,0.45,28.24,6.14,10.02,4.73,False
Ruprecht_44,0.6,0.04,0.54,0.04,3.35,0.31,27.56,4.73,0.6,0.13,False
Ruprecht_48,0.39,0.13,0.36,0.14,1.66,0.19,12.2,2.45,7.65,4.75,False
Ruprecht_50,0.37,0.22,0.34,0.22,1.33,0.18,6.96,1.55,120.14,30.45,False
Ruprecht_54,0.44,0.03,0.42,0.03,4.97,0.51,75.5,13.77,1.88,1.6,False
Ruprecht_58,0.42,0.03,0.39,0.03,2.17,0.2,16.45,2.8,30.32,8.02,False
Ruprecht_60,0.45,0.16,0.43,0.13,3.42,0.38,41.14,8.04,19.94,4.57,False
Ruprecht_63,0.42,0.03,0.38,0.03,5.63,0.45,96.93,15.1,3.62,1.93,False
Ruprecht_66,0.41,0.06,0.38,0.08,5.01,0.48,88.78,15.57,12.1,2.62,False
Ruprecht_67,0.46,0.05,0.41,0.05,1.26,0.33,5.75,2.35,24.84,13.27,False
Ruprecht_68,0.4,0.12,0.36,0.1,3.18,0.17,44.91,5.79,39.05,5.8,False
Ruprecht_71,0.37,0.11,0.32,0.11,3.27,0.35,28.7,5.48,0.93,0.19,False
Ruprecht_76,0.45,0.26,0.39,0.24,1.33,0.29,5.02,1.7,17.75,15.18,False
Ruprecht_8,0.51,0.05,0.46,0.05,5.1,0.45,57.66,9.51,6.2,1.25,False
Ruprecht_82,0.47,0.16,0.43,0.17,2.22,0.17,18.76,2.89,23.27,6.62,False
Ruprecht_84,0.51,0.05,0.46,0.05,1.24,0.17,5.81,1.31,35.68,18.23,False
Ruprecht_91,0.47,0.03,0.43,0.03,3.3,0.29,41.59,6.91,2.71,0.85,True
Ruprecht_93,0.48,0.04,0.44,0.04,2.16,0.13,17.99,2.43,17.7,5.66,False
Ruprecht_98,0.5,0.05,0.46,0.05,3.51,0.69,33.8,10.54,15.21,5.47,False
SAI_24,0.35,0.06,0.32,0.06,3.12,0.32,31.35,5.79,0.39,0.1,False
SAI_25,0.51,0.14,0.46,0.15,4.84,0.4,36.97,5.91,0.3,0.07,False
SAI_4,0.41,0.16,0.36,0.15,2.07,0.35,12.96,3.57,2.65,1.24,False
SAI_47,0.71,0.09,0.63,0.09,1.97,0.59,7.39,3.38,5.37,5.5,False
SAI_81,0.51,0.2,0.46,0.16,4.24,0.36,39.57,6.39,5.88,5.37,False
SAI_86,0.43,0.04,0.4,0.04,2.53,0.34,18.67,4.22,34.89,9.69,False
SAI_91,0.51,0.05,0.47,0.05,3.16,0.41,25.14,5.44,13.67,9.44,False
SAI_94,0.51,0.05,0.47,0.24,3.55,0.56,31.36,8.08,32.33,10.55,False
Skiff_J0507+30.8,0.65,0.04,0.59,0.04,6.85,0.42,115.79,15.72,11.23,1.8,False
Skiff_J0614+12.9,0.54,0.06,0.5,0.06,1.45,0.26,7.21,2.08,47.68,36.71,False
Skiff_J0619+18.5,0.38,0.05,0.36,0.04,5.01,1.44,53.08,23.55,1.69,0.83,False
Stephenson_1,0.27,0.03,0.24,0.03,1.49,0.29,13.95,4.28,4.41,1.67,True
Stock_1,0.45,0.12,0.43,0.13,3.58,0.31,50.13,8.19,10.79,2.1,True
Stock_10,0.46,0.04,0.41,0.04,3.05,0.35,43.94,8.67,3.08,1.06,False
Stock_14,0.25,0.09,0.21,0.07,3.86,0.56,40.89,9.8,0.44,0.11,False
Stock_20,0.34,0.13,0.31,0.13,2.07,0.25,13.68,2.86,1.3,0.31,False
Stock_21,0.39,0.06,0.32,0.18,1.31,0.18,7.24,1.66,54.6,21.6,False
Stock_23,0.43,0.11,0.4,0.1,5.72,0.68,84.39,17.26,1.68,0.87,False
Stock_24,0.5,0.18,0.45,0.16,1.96,0.27,13.62,3.11,9.07,6.64,False
Stock_4,0.67,0.19,0.6,0.18,4.04,0.35,49.91,8.15,3.78,1.67,False
Stock_5,0.31,0.09,0.26,0.09,2.91,0.43,28.23,6.83,4.13,1.73,False
Stock_7,0.53,0.21,0.5,0.2,2.1,0.31,20.51,5.0,7.3,3.45,False
Teutsch_1,0.72,0.06,0.64,0.06,0.74,0.24,2.32,1.15,19.74,21.36,False
Teutsch_103,0.42,0.07,0.35,0.07,1.06,0.29,3.2,1.37,143.36,70.0,False
Teutsch_12,0.67,0.04,0.61,0.04,3.2,0.35,35.5,6.89,21.22,4.89,False
Teutsch_126,0.43,0.2,0.4,0.16,3.1,0.35,33.58,6.58,2.96,0.78,False
Teutsch_13,0.65,0.04,0.58,0.04,5.97,0.64,63.46,11.94,0.43,0.14,False
Teutsch_132,0.71,0.07,0.63,0.07,1.65,0.38,6.67,2.41,2.48,0.98,False
Teutsch_35,0.42,0.15,0.39,0.14,2.89,0.43,38.39,9.42,2.6,0.64,True
Teutsch_38,0.49,0.1,0.47,0.11,6.65,0.91,136.3,31.04,0.51,0.17,True
Teutsch_61,0.4,0.06,0.35,0.19,1.5,0.19,6.9,1.45,3.87,2.35,False
Tombaugh_1,0.45,0.03,0.42,0.19,2.39,0.17,25.85,3.76,51.11,8.03,False
Tombaugh_5,0.31,0.06,0.28,0.03,3.81,0.17,66.71,7.96,3.38,0.86,False
Trumpler_1,0.4,0.13,0.36,0.13,1.22,0.2,6.18,1.65,4.25,1.35,False
Trumpler_12,0.4,0.12,0.36,0.09,2.5,0.16,27.0,3.76,28.82,4.24,False
Trumpler_14,0.32,0.06,0.29,0.06,1.28,0.1,9.13,1.38,0.58,0.12,False
Trumpler_15,0.34,0.06,0.31,0.09,1.5,0.14,11.52,2.01,0.7,0.15,False
Trumpler_19,0.42,0.05,0.39,0.06,3.8,0.14,60.72,6.92,64.07,9.87,False
Trumpler_2,0.4,0.03,0.36,0.03,2.74,0.28,31.96,5.88,3.33,1.34,False
Trumpler_21,0.47,0.05,0.45,0.05,1.11,0.11,6.53,1.18,9.71,3.2,False
Trumpler_3,0.35,0.11,0.32,0.11,2.61,0.21,35.22,5.56,1.59,0.48,False
Trumpler_32,0.37,0.05,0.34,0.05,2.28,0.1,28.94,3.5,25.85,3.79,False
Trumpler_33,0.49,0.05,0.46,0.05,1.29,0.19,6.83,1.64,10.03,4.29,False
UBC_118,0.38,0.04,0.33,0.04,3.01,0.26,31.59,5.14,6.92,2.1,False
UBC_133,0.3,0.09,0.27,0.09,3.05,0.26,27.43,4.5,2.37,1.03,False
UBC_136,0.3,0.08,0.27,0.07,4.14,0.3,48.85,7.22,3.42,1.37,False
UBC_151,0.3,0.1,0.25,0.09,5.51,0.34,81.85,11.09,2.0,0.99,False
UBC_152,0.3,0.18,0.27,0.17,2.01,0.32,9.8,2.51,10.22,5.91,False
UBC_154,0.39,0.11,0.34,0.1,6.93,0.58,112.1,18.03,6.07,1.44,False
UBC_157,0.46,0.06,0.4,0.05,2.18,0.19,14.17,2.35,12.67,3.27,False
UBC_162,0.37,0.08,0.35,0.06,6.68,0.54,128.3,20.09,0.42,0.38,False
UBC_166,0.32,0.08,0.29,0.06,6.53,0.38,114.73,15.24,0.21,0.07,False
UBC_169,0.52,0.08,0.47,0.07,1.89,0.39,11.75,3.85,25.4,8.79,False
UBC_172,0.34,0.08,0.3,0.08,7.31,0.58,121.13,18.87,1.85,0.71,False
UBC_175,0.48,0.23,0.42,0.22,3.57,0.26,30.16,4.47,14.98,6.4,False
UBC_177,0.43,0.18,0.39,0.17,3.47,0.53,31.01,7.73,4.07,1.19,False
UBC_178,0.32,0.08,0.29,0.07,2.89,0.15,42.56,5.44,0.2,0.03,False
UBC_179,0.26,0.1,0.23,0.09,3.24,0.29,28.85,4.78,7.33,1.83,False
UBC_194,0.46,0.05,0.41,0.05,2.26,0.31,16.87,3.9,18.15,4.4,False
UBC_198,0.44,0.22,0.41,0.18,5.73,0.5,73.74,12.15,0.4,0.08,False
UBC_237,0.41,0.15,0.38,0.14,4.49,0.57,46.22,9.95,6.81,2.72,False
UBC_245,0.38,0.11,0.35,0.1,7.51,0.57,132.51,20.13,0.14,0.04,False
UBC_249,0.27,0.08,0.24,0.07,6.37,0.42,92.5,12.97,1.63,0.58,False
UBC_251,0.29,0.1,0.25,0.1,3.86,0.24,41.82,5.65,1.82,0.54,False
UBC_253,0.41,0.05,0.36,0.2,2.13,0.34,13.56,3.53,15.84,8.7,False
UBC_270,0.43,0.12,0.4,0.1,6.54,0.55,106.77,17.07,0.76,0.32,False
UBC_290,0.35,0.08,0.33,0.08,5.11,0.29,80.26,10.56,1.3,0.19,False
UBC_292,0.33,0.07,0.3,0.06,8.77,0.3,209.28,23.41,0.14,0.02,False
UBC_300,0.37,0.11,0.32,0.12,2.95,0.22,28.62,4.34,12.11,4.96,False
UBC_303,0.42,0.16,0.38,0.14,3.87,0.48,37.67,7.94,17.91,6.49,False
UBC_31,0.42,0.02,0.39,0.02,7.85,0.54,240.73,34.29,0.09,0.03,False
UBC_316,0.3,0.13,0.25,0.13,2.79,0.38,21.69,4.98,22.27,30.23,False
UBC_319,0.3,0.09,0.27,0.08,3.85,0.24,44.18,6.08,2.65,1.11,False
UBC_340,0.26,0.09,0.24,0.1,2.29,0.23,17.71,3.22,1.46,0.35,False
UBC_347,0.52,0.24,0.49,0.23,1.53,0.21,7.93,1.81,67.29,35.01,False
UBC_356,0.48,0.22,0.44,0.22,2.76,0.25,20.32,3.38,7.35,2.49,False
UBC_36,0.38,0.08,0.31,0.07,1.55,0.25,7.4,1.91,64.49,33.64,False
UBC_361,0.27,0.09,0.24,0.09,2.56,0.4,20.25,5.17,3.56,1.56,False
UBC_364,0.52,0.27,0.49,0.25,2.33,0.5,12.64,4.23,41.44,14.73,False
UBC_366,0.45,0.06,0.41,0.06,2.77,0.38,22.96,5.23,19.5,4.9,False
UBC_373,0.38,0.19,0.35,0.18,1.58,0.27,8.49,2.31,1.94,0.59,False
UBC_378,0.39,0.15,0.35,0.14,4.65,0.51,42.36,8.16,12.22,7.21,False
UBC_381,0.47,0.26,0.43,0.25,2.87,0.48,16.5,4.49,6.1,3.38,False
UBC_382,0.51,0.05,0.46,0.05,2.58,0.26,19.35,3.53,11.31,6.65,False
UBC_386,0.41,0.15,0.37,0.15,2.34,0.28,18.1,3.71,0.43,0.09,False
UBC_387,0.45,0.25,0.41,0.24,2.53,0.46,13.55,3.97,27.35,11.42,False
UBC_389,0.4,0.24,0.37,0.2,2.26,0.27,12.04,2.48,9.72,4.76,False
UBC_395,0.39,0.12,0.37,0.12,4.56,0.44,48.79,8.57,0.63,1.09,False
UBC_396,0.38,0.09,0.31,0.09,1.73,0.47,6.4,2.7,2.12,1.03,False
UBC_397,0.42,0.22,0.38,0.19,2.08,0.39,9.28,2.77,1.25,0.88,False
UBC_41,0.47,0.09,0.42,0.08,1.66,0.29,7.29,2.04,13.21,5.59,False
UBC_413,0.38,0.21,0.32,0.19,2.12,0.28,10.1,2.27,7.56,4.64,False
UBC_422,0.38,0.1,0.35,0.09,8.7,0.77,126.86,21.0,0.2,0.13,False
UBC_424,0.51,0.27,0.47,0.23,3.09,0.44,24.78,5.89,19.9,10.52,False
UBC_429,0.69,0.06,0.62,0.06,2.34,0.47,14.31,4.56,47.47,37.0,False
UBC_433,0.67,0.23,0.6,0.17,5.43,0.51,58.31,10.08,21.89,3.89,False
UBC_436,0.54,0.03,0.5,0.03,6.42,0.49,94.33,14.26,6.0,1.56,False
UBC_437,0.42,0.17,0.38,0.14,5.71,0.55,72.94,12.74,0.92,0.68,False
UBC_439,0.62,0.05,0.58,0.05,5.68,0.55,56.81,9.96,5.05,1.01,False
UBC_442,0.68,0.29,0.61,0.24,3.79,0.4,31.78,6.0,28.23,7.18,False
UBC_445,0.68,0.05,0.62,0.05,4.26,0.63,37.62,9.14,15.72,5.26,False
UBC_448,0.54,0.03,0.51,0.03,5.77,0.3,73.39,9.31,11.36,3.19,False
UBC_449,0.5,0.26,0.46,0.19,5.92,0.68,84.44,16.78,10.29,2.89,False
UBC_450,0.39,0.13,0.37,0.14,8.17,0.41,167.13,20.81,0.52,0.2,False
UBC_451,0.47,0.28,0.4,0.24,3.06,0.61,18.46,5.75,16.06,5.43,False
UBC_460,0.41,0.15,0.38,0.12,8.19,0.37,150.31,18.19,0.26,0.05,False
UBC_462,0.43,0.13,0.39,0.12,6.54,0.5,82.26,12.49,2.37,1.21,False
UBC_467,0.4,0.14,0.37,0.13,6.62,0.87,81.18,17.99,17.12,3.84,False
UBC_472,0.4,0.2,0.35,0.17,2.39,0.35,14.5,3.49,77.19,23.82,False
UBC_475,0.38,0.06,0.32,0.06,1.59,0.27,8.01,2.23,16.04,6.72,False
UBC_479,0.53,0.17,0.5,0.16,3.06,0.39,25.59,5.49,0.69,0.18,False
UBC_483,0.29,0.15,0.26,0.14,2.52,0.43,14.19,3.87,2.23,1.26,False
UBC_484,0.44,0.06,0.4,0.06,2.66,0.39,16.55,3.97,8.09,6.34,False
UBC_485,0.45,0.22,0.39,0.17,2.81,0.4,20.4,4.84,21.7,9.8,False
UBC_493,0.49,0.26,0.45,0.25,2.88,0.34,17.95,3.65,45.59,13.24,False
UBC_496,0.45,0.27,0.39,0.24,2.9,0.34,21.88,4.36,7.16,3.35,False
UBC_499,0.41,0.15,0.37,0.13,5.64,0.37,70.64,9.86,0.33,0.06,False
UBC_500,0.43,0.04,0.4,0.04,6.43,0.26,81.52,9.5,2.5,1.3,False
UBC_502,0.37,0.13,0.34,0.13,2.22,0.29,16.06,3.53,29.66,10.58,False
UBC_503,0.46,0.06,0.41,0.06,2.31,0.55,15.52,5.79,81.12,31.12,False
UBC_514,0.63,0.25,0.57,0.23,6.81,0.56,82.65,13.1,37.82,9.0,False
UBC_520,0.43,0.06,0.4,0.06,2.14,0.35,12.14,3.22,46.34,18.84,False
UBC_521,0.31,0.11,0.27,0.1,3.46,0.42,30.51,6.29,18.56,14.12,False
UBC_527,0.46,0.26,0.42,0.07,1.91,0.23,10.92,2.25,18.61,8.61,False
UBC_532,0.3,0.15,0.26,0.12,1.12,0.24,4.43,1.47,14.47,9.99,False
UBC_533,0.46,0.08,0.42,0.08,1.83,0.24,11.11,2.47,21.49,10.9,False
UBC_534,0.41,0.16,0.37,0.16,3.15,0.37,26.05,5.21,4.3,2.41,False
UBC_557,0.38,0.16,0.33,0.12,3.09,0.26,23.37,3.75,1.64,0.42,False
UBC_563,0.4,0.07,0.36,0.06,1.18,0.14,5.92,1.18,24.47,17.48,False
UBC_57,0.53,0.07,0.49,0.07,1.79,0.28,9.98,2.56,165.15,44.94,False
UBC_574,0.34,0.07,0.31,0.08,2.85,0.08,35.6,3.83,11.58,9.89,False
UBC_576,0.41,0.23,0.37,0.22,1.05,0.21,3.57,1.11,7.25,7.11,False
UBC_582,0.42,0.08,0.37,0.07,1.25,0.13,5.24,0.95,3.53,0.77,False
UBC_586,0.36,0.13,0.32,0.11,8.45,0.7,118.59,18.9,9.98,2.85,False
UBC_591,0.4,0.07,0.37,0.07,0.92,0.17,3.1,0.93,39.38,24.21,False
UBC_599,0.73,0.08,0.65,0.08,2.54,0.6,12.8,4.67,23.98,14.35,False
UBC_615,0.54,0.03,0.5,0.03,11.91,0.36,321.17,35.2,10.48,2.39,False
UBC_626,0.52,0.18,0.49,0.16,9.05,0.87,166.03,29.16,4.25,0.94,False
UBC_63,0.44,0.06,0.38,0.21,3.38,0.38,26.28,5.13,0.85,0.18,False
UBC_634,0.47,0.06,0.42,0.06,4.22,0.32,34.46,5.2,1.89,1.1,False
UBC_636,0.4,0.2,0.34,0.16,4.67,0.52,54.47,10.52,12.44,3.13,False
UBC_641,0.39,0.12,0.37,0.12,7.47,0.55,89.96,13.38,0.27,0.11,False
UBC_643,0.44,0.15,0.39,0.16,3.11,0.29,20.48,3.53,18.27,12.96,False
UBC_68,0.48,0.05,0.43,0.05,2.53,0.37,17.19,4.13,6.99,2.72,False
UBC_80,0.4,0.24,0.34,0.21,5.07,0.68,46.37,10.39,1.03,0.41,False
UFMG_34,0.52,0.18,0.48,0.16,1.72,0.21,8.78,1.82,98.46,24.92,False
UFMG_58,0.4,0.16,0.37,0.15,2.94,0.75,16.4,6.49,17.23,7.64,False
UFMG_59,0.46,0.1,0.41,0.1,0.82,0.29,2.73,1.46,29.07,20.55,False
UPK_12,0.49,0.06,0.44,0.06,1.93,0.3,13.93,3.5,17.74,6.74,True
UPK_155,0.37,0.13,0.33,0.13,11.83,1.21,221.31,40.55,0.71,0.18,False
UPK_16,0.44,0.21,0.39,0.2,4.37,0.81,46.28,13.56,4.78,3.42,True
UPK_169,0.67,0.05,0.6,0.05,4.44,1.14,45.94,18.31,0.32,0.26,False
UPK_17,0.42,0.2,0.37,0.16,3.15,0.38,26.33,5.41,17.93,7.28,False
UPK_178,0.38,0.2,0.33,0.2,1.29,0.36,6.37,2.72,23.71,11.69,False
UPK_18,0.74,0.06,0.66,0.06,1.79,0.31,13.57,3.73,45.24,57.1,False
UPK_180,0.72,0.05,0.64,0.3,9.74,1.5,181.56,45.66,0.97,0.33,False
UPK_21,0.3,0.17,0.27,0.17,2.38,0.37,12.1,3.08,62.7,16.68,False
UPK_219,0.45,0.28,0.41,0.26,4.3,0.68,34.46,8.84,5.86,1.68,False
UPK_220,0.38,0.11,0.35,0.09,2.83,0.22,24.77,3.84,1.21,0.83,False
UPK_23,0.75,0.07,0.66,0.07,2.88,0.45,19.48,4.98,5.98,1.87,False
UPK_230,0.36,0.08,0.29,0.08,4.14,0.89,31.52,10.64,2.0,1.78,False
UPK_24,0.69,0.29,0.62,0.28,7.69,1.28,107.07,28.87,5.09,3.99,False
UPK_265,0.67,0.3,0.6,0.26,5.05,0.8,53.03,13.68,3.96,1.22,False
UPK_28,0.3,0.15,0.26,0.13,1.52,0.49,7.23,3.59,4.0,3.66,False
UPK_282,0.38,0.07,0.31,0.07,2.0,0.37,15.02,4.44,16.95,6.17,True
UPK_29,0.3,0.15,0.26,0.15,1.84,0.18,11.92,2.09,29.49,18.07,False
UPK_294,0.73,0.06,0.65,0.07,10.35,1.49,139.65,33.19,1.45,0.62,False
UPK_296,0.44,0.06,0.4,0.23,7.92,1.22,122.47,30.59,2.19,0.7,True
UPK_312,0.68,0.08,0.61,0.08,4.75,1.38,44.47,19.8,11.61,7.08,False
UPK_33,0.41,0.22,0.36,0.21,1.79,0.22,10.28,2.18,10.37,7.25,False
UPK_333,0.62,0.06,0.57,0.06,4.58,0.62,44.79,10.13,15.27,7.03,False
UPK_379,0.43,0.06,0.39,0.06,9.49,2.49,156.22,63.32,0.89,0.93,False
UPK_38,0.34,0.21,0.28,0.19,0.83,0.21,3.71,1.47,2.84,1.24,False
UPK_381,0.46,0.25,0.41,0.21,6.8,1.41,91.84,29.95,4.38,1.48,True
UPK_385,0.26,0.16,0.23,0.15,1.71,0.38,13.71,4.7,1.99,0.89,False
UPK_394,0.53,0.06,0.47,0.06,2.06,0.36,17.82,5.0,17.42,8.62,True
UPK_40,0.54,0.2,0.49,0.18,9.07,1.26,145.36,33.47,3.28,1.33,False
UPK_418,0.36,0.07,0.3,0.18,5.74,1.21,63.83,21.17,1.57,0.52,True
UPK_42,0.45,0.18,0.4,0.16,1.98,0.23,17.09,3.44,15.68,4.4,False
UPK_429,0.5,0.04,0.45,0.22,7.18,1.12,152.07,38.58,0.66,0.17,True
UPK_431,0.49,0.04,0.46,0.04,9.08,1.14,197.74,42.0,0.51,0.13,True
UPK_433,0.42,0.05,0.35,0.05,4.76,0.67,57.52,13.42,6.67,1.81,True
UPK_436,0.52,0.14,0.49,0.13,9.43,0.64,224.8,31.88,0.24,0.08,True
UPK_445,0.7,0.05,0.63,0.05,3.86,0.75,51.91,15.99,0.28,0.09,False
UPK_45,0.34,0.16,0.28,0.14,3.06,0.47,26.61,6.73,7.16,4.38,False
UPK_46,0.45,0.24,0.41,0.21,4.17,0.57,41.38,9.43,7.05,2.3,False
UPK_467,0.43,0.04,0.4,0.04,6.54,0.61,120.83,20.7,0.83,0.14,True
UPK_495,0.7,0.04,0.63,0.04,13.26,1.39,343.9,63.84,2.82,0.77,True
UPK_50,0.47,0.14,0.44,0.15,4.8,0.31,60.5,8.47,2.71,1.14,False
UPK_502,0.39,0.2,0.35,0.19,1.67,0.24,12.16,2.91,23.6,13.71,True
UPK_508,0.43,0.24,0.37,0.22,2.33,0.56,15.31,5.68,22.39,13.12,False
UPK_524,0.48,0.16,0.43,0.13,12.51,0.97,360.13,54.86,1.22,0.6,True
UPK_528,0.44,0.06,0.37,0.19,1.96,0.44,13.12,4.65,21.67,12.24,False
UPK_533,0.42,0.14,0.38,0.15,5.91,0.68,108.58,21.65,2.62,1.38,True
UPK_535,0.47,0.03,0.44,0.03,8.05,0.69,219.25,35.51,0.24,0.06,True
UPK_537,0.49,0.15,0.45,0.14,7.66,0.73,132.07,22.95,1.68,0.61,False
UPK_54,0.63,0.16,0.57,0.15,4.43,0.43,60.12,10.69,3.36,0.8,False
UPK_542,0.74,0.06,0.66,0.06,8.68,1.08,157.16,33.0,3.77,1.82,False
UPK_55,0.39,0.18,0.32,0.15,3.37,0.51,29.1,7.26,10.57,4.99,False
UPK_552,0.41,0.19,0.35,0.16,3.44,0.64,37.94,11.17,7.21,2.52,True
UPK_560,0.4,0.1,0.38,0.11,14.6,1.19,469.06,74.13,1.13,0.32,True
UPK_562,0.47,0.13,0.42,0.13,9.64,0.8,205.34,32.68,1.13,0.46,True
UPK_567,0.37,0.17,0.31,0.15,5.83,1.12,89.25,27.15,5.11,2.26,False
UPK_578,0.51,0.26,0.48,0.24,1.67,0.3,9.14,2.64,88.13,27.85,False
UPK_585,0.67,0.28,0.61,0.3,4.17,1.36,44.77,22.4,6.31,3.46,True
UPK_604,0.44,0.07,0.38,0.21,3.71,0.43,35.0,7.03,0.3,0.14,False
UPK_605,0.49,0.2,0.44,0.18,1.66,0.3,12.54,3.65,29.98,13.07,True
UPK_613,0.81,0.08,0.7,0.08,2.68,0.55,19.04,6.19,12.8,6.16,False
UPK_614,0.45,0.22,0.41,0.06,4.06,0.7,45.0,12.41,6.6,3.05,True
UPK_617,0.36,0.2,0.31,0.16,1.95,0.26,17.49,3.86,11.2,6.23,False
UPK_62,0.38,0.18,0.32,0.18,1.68,0.33,7.93,2.44,28.87,23.91,False
UPK_621,0.36,0.1,0.33,0.08,9.83,0.86,204.28,33.7,0.73,0.34,False
UPK_626,0.49,0.06,0.42,0.06,3.48,0.69,35.92,11.21,9.41,3.25,False
UPK_629,0.39,0.12,0.35,0.11,17.28,1.48,328.33,53.18,0.34,0.09,False
UPK_640,0.31,0.02,0.27,0.02,2.23,0.22,35.9,6.43,0.68,0.14,True
UPK_65,0.73,0.08,0.65,0.08,2.84,0.67,21.46,7.87,11.6,5.12,False
UPK_654,0.35,0.15,0.29,0.15,2.58,0.25,27.97,4.92,11.76,5.0,True
UPK_82,0.37,0.12,0.34,0.1,3.88,0.4,58.75,10.82,2.24,0.8,True
UPK_84,0.43,0.05,0.39,0.05,4.53,0.48,55.65,10.47,20.44,4.28,True
UPK_93,0.71,0.38,0.63,0.29,4.01,0.78,52.93,16.34,11.02,4.13,True
UPK_94,0.38,0.19,0.32,0.17,4.19,0.55,41.5,9.12,10.18,4.8,False
vdBergh_130,0.43,0.17,0.41,0.16,1.31,0.13,6.09,1.12,0.91,0.32,False
vdBergh_80,0.43,0.14,0.4,0.12,2.24,0.4,19.75,5.68,0.43,0.17,False
vdBergh_92,0.29,0.05,0.26,0.06,2.47,0.25,36.94,6.77,0.18,0.05,False
