pmRApmDEcor,PlxpmRAcor,PlxpmDEcor,Nper,RA_ICRS,e_RA_ICRS,DE_ICRS,e_DE_ICRS,Source,Plx,e_Plx,pmRA,e_pmRA,pmDE,e_pmDE,RUWE,Gmag,e_Gmag,BPmag,e_BPmag,RPmag,e_RPmag,BPRP,RVDR2,e_RVDR2,EBPRP,RFG,RFBP,RFRP,Pmemb,mass,er_mass,comp_mass,er_comp_mass,q,e_q,r,mass_system,e_mass_system,r/rh
-0.1191,0.1818,-0.0693,22,33.49514780353,0.0362,60.03436010619,0.0449,507345902363624064,0.4292,0.0651,-0.545,0.058,-0.393,0.072,0.973,17.091511,0.002817,17.979412,0.007036,16.143305,0.003995,1.836107,,,1.328,1856.032,168.09,379.781,1.0,1.3300014112142438,0.0323849102355241,1.220210102605175,0.0431355000006826,0.917450231493489,0.0393818577414704,0.13259444113826438,2.550211513819419,0.053939352714616834,0.06019181748602279
-0.2008,0.3108,-0.0933,20,33.51022779707,0.0453,60.03940473368,0.0526,507346280320743936,0.3448,0.0786,-0.678,0.075,-0.519,0.084,1.05,17.305981,0.002837,18.117914,0.008631,16.421232,0.004087,1.696682,,,1.294,1609.87,132.927,363.515,0.99,1.3975647049862874,0.0277879582417681,0.8445285750581845,0.197923749806065,0.6042858495531845,0.1421292222412468,0.4290729144378669,2.2420932800444717,0.1998649077765781,0.1947794970311681
-0.1219,0.1194,-0.0782,21,33.47581900264,0.0771,60.03120427296,0.0914,507345932419268224,0.2374,0.1392,-0.575,0.117,-0.358,0.153,1.109,18.226173,0.002953,19.164209,0.02068,17.270151,0.006712,1.894058,,,1.321,1021.492,52.985,177.872,0.99,1.1032407332300926,0.0404707770527379,0.8302042758004569,0.1708607963084175,0.7525141619542695,0.1573126857186554,0.4596580575964387,1.9334450090305495,0.17558842647053635,0.20866375446293278
-0.1605,0.1578,-0.1,22,33.52391677603,0.0426,60.02758526964,0.0495,507345696205195776,0.3307,0.0721,-0.628,0.065,-0.466,0.085,1.06,17.112303,0.002823,17.829123,0.006341,16.279266,0.004461,1.549856,,,1.281,1762.241,190.691,311.982,1.0,1.5243756745672508,0.0020105717729813,0.0,0.0268765840472349,0.0,0.017631207644969,0.5803069521857361,1.5243756745672508,0.026951682116379872,0.26343283965736247
-0.1723,0.219,-0.111,20,33.51517679556,0.0421,60.01902410612,0.0491,507345696205197952,0.3905,0.0751,-0.394,0.067,-0.522,0.085,1.029,17.200136,0.002928,17.951712,0.006755,16.347878,0.005233,1.603834,,,1.286,1096.432,176.475,245.261,0.99,1.4885522542859757,0.0016388416082986,0.0,0.0765172401627632,0.0,0.0514037985179544,0.6444816040215946,1.4885522542859757,0.07653478845559758,0.2925651991844491
-0.1229,0.1084,-0.101,21,33.52271441838,0.0886,60.04175620094,0.1089,507346276016658816,0.3779,0.1579,-0.549,0.135,-0.539,0.191,0.969,18.544394,0.003067,19.547613,0.030994,17.601782,0.009837,1.945831,,,1.291,805.751,35.174,115.1,0.99,1.067199950734163,0.0335072785704172,0.5213383412429249,0.3490724396381324,0.4885104622468157,0.3274512962937373,0.6865056550874774,1.5885382919770878,0.3506769251492221,0.311642198114919
-0.0915,0.1731,-0.0706,22,33.45926168212,0.0087,60.02871378222,0.0105,507345936723365248,0.3489,0.0156,-0.558,0.013,-0.398,0.017,1.026,13.988229,0.002766,14.423884,0.003013,13.361553,0.002859,1.062331,,,1.235,4479.158,954.907,1741.615,1.0,4.492069675024672,0.004548782917747,0.0,0.0,0.0,0.0,0.8176577329982532,4.492069675024672,0.004548782917747,0.3711792486032287
-0.1199,0.1936,-0.1231,21,33.52757417442,0.0119,60.04397548489,0.0146,507346280320741760,0.389,0.0213,-0.531,0.018,-0.455,0.025,1.024,14.727167,0.002763,15.213737,0.003038,14.055143,0.002905,1.158594,,,1.245,5374.563,903.846,1343.653,1.0,3.530853234016212,0.0035118537825262,0.0,0.0,0.0,0.0,0.8253997354636182,3.530853234016212,0.0035118537825262,0.37469376395825527
-0.1124,0.2073,-0.103,21,33.47615734191,0.0067,60.0478415556,0.0084,507345971083096576,0.3863,0.0125,-0.571,0.01,-0.426,0.013,0.955,12.690881,0.002761,13.141411,0.002879,12.055449,0.002831,1.085962,,,1.235,6032.215,1532.101,2274.247,1.0,5.946288941042635,0.0018857476555869,0.0,0.0,0.0,0.0,0.8270041212829378,5.946288941042635,0.0018857476555869,0.3754220818091744
-0.1575,0.2365,-0.0816,21,33.45852359795,0.042,60.0293573634,0.0495,507345936712849408,0.4038,0.0752,-0.574,0.068,-0.494,0.081,0.998,17.284595,0.002935,17.666576,0.019896,16.220991,0.014172,1.445585,,,1.631,1074.433,55.116,78.141,1.0,1.5307629449896911,0.0060899364821672,0.0,0.0352324382576876,0.0,0.0230162602073731,0.8297170492223229,1.5307629449896911,0.03575488822438968,0.37665362712870953
-0.0896,0.2143,-0.0545,21,33.46811250382,0.0147,60.04771274098,0.0182,507345971083096960,0.4507,0.0273,-0.527,0.023,-0.342,0.03,0.99,15.297701,0.002766,15.865888,0.003755,14.558934,0.002928,1.306953,,,1.261,4459.354,432.142,1222.568,0.99,2.5546031663335507,0.10181066189652,1.6878598320162297,0.1577727884184951,0.6607131214194418,0.0671393501340511,0.9268034880902728,4.24246299834978,0.18777024162831216,0.4207264340921164
-0.0695,0.2319,-0.0415,22,33.45267456957,0.0081,60.03906970462,0.0098,507346692637606272,0.3921,0.0151,-0.476,0.013,-0.523,0.016,1.101,13.768468,0.002761,14.300126,0.002911,13.057718,0.002834,1.242408,,,1.254,5930.771,1310.696,2181.101,1.0,3.967932908219301,0.111468734654921,3.5741460703571746,0.1471585678088813,0.9007576874481864,0.0448971853856032,1.0013119936986807,7.542078978576475,0.18461019171522006,0.45454989103523985
-0.0495,0.1178,-0.1105,22,33.52647147325,0.0361,60.01106231131,0.0432,507345696205200896,0.4271,0.0622,-0.738,0.053,-0.588,0.074,1.027,16.986715,0.002814,17.782766,0.007669,16.110437,0.004013,1.672329,,,1.292,1891.947,151.99,376.367,0.94,1.4483495187574795,0.0349411306403427,1.116956712532086,0.0610886027577705,0.7711927943265441,0.0460991486812341,1.057212414097235,2.565306231289566,0.07037542182695732,0.47992612757379194
-0.0889,0.231,-0.0653,22,33.47154441742,0.0099,60.00997742661,0.0114,507345764924679552,0.394,0.017,-0.403,0.015,-0.343,0.019,0.992,14.18828,0.002761,14.677402,0.00295,13.516423,0.002831,1.160978,,,1.244,5888.918,1132.003,2260.991,0.98,4.222523200680198,0.0016110822513035,0.0,0.0,0.0,0.0,1.06232134548523,4.222523200680198,0.0016110822513035,0.4822453489756466
-0.1325,0.2705,-0.0698,21,33.44827824073,0.0461,60.03781528473,0.0556,507346692637606656,0.3262,0.0858,-0.548,0.078,-0.462,0.092,1.04,17.441236,0.00284,18.345951,0.012434,16.487068,0.004832,1.858883,,,1.329,1579.583,89.602,275.235,1.0,1.2532207162726043,0.0345549160775941,1.1092696099527444,0.0542301264416776,0.8851350728162178,0.0496805612372556,1.0752308212539146,2.3624903262253487,0.06430356785599001,0.4881056610870617
-0.0824,0.18,-0.0713,22,33.44416032623,0.0069,60.03566064504,0.0085,507346692637607680,0.3934,0.0127,-0.537,0.011,-0.395,0.014,1.094,13.120659,0.003002,13.688869,0.003655,12.374826,0.005124,1.314042,,,1.266,911.307,460.011,252.656,1.0,4.902429007399981,0.1366301270630569,4.268228878212547,0.2258369586642939,0.8706355302177473,0.0520660554248577,1.1420555823253653,9.170657885612528,0.263950986965393,0.518441049112609
-0.1038,0.1491,-0.1015,21,33.52319440754,0.0116,60.00680146267,0.0134,507345593125986944,0.4285,0.0196,-0.617,0.017,-0.543,0.024,1.017,14.562236,0.002765,15.046151,0.003001,13.894067,0.00292,1.152084,,,1.243,4749.043,982.691,1261.716,0.99,3.738083997540514,0.0032877758386064,0.0,0.0,0.0,0.0,1.1753382622973696,3.738083997540514,0.0032877758386064,0.5335498649960108
-0.1224,0.1051,-0.0815,21,33.55290746043,0.0323,60.0257215365,0.0397,507346005442840960,0.2777,0.0572,-0.542,0.047,-0.391,0.067,0.964,16.702648,0.002808,17.372665,0.006431,15.890095,0.00381,1.482571,,,1.281,2009.19,187.395,418.384,1.0,1.687575716003221,0.0177195475792365,0.731282322139334,0.3110134610092547,0.4333330440848428,0.1843521618834062,1.1940571100880728,2.418858038142555,0.31151782500423314,0.5420473665510853
-0.1006,0.1443,-0.039,22,33.44610778661,0.0207,60.0186003868,0.0243,507345833644154240,0.4258,0.0354,-0.544,0.031,-0.388,0.039,0.933,15.921792,0.002777,16.518108,0.00405,15.158663,0.003093,1.359446,,,1.269,3128.689,369.788,813.152,1.0,2.147812359262116,0.0353780049235741,1.2315378757288136,0.0705403500596067,0.5733917445897881,0.0341739291507215,1.2159392981330335,3.3793502349909295,0.07891479087537574,0.5519808800354377
-0.0526,0.0769,-0.0576,21,33.52746624655,0.0098,60.0570409711,0.0119,507346314680475904,0.3542,0.0174,-0.536,0.016,-0.407,0.02,1.033,14.221871,0.002762,14.715508,0.002903,13.544662,0.002839,1.170846,,,1.246,5666.02,1353.109,2062.45,1.0,4.178303344547216,0.0010599276894652,0.0,0.0,0.0,0.0,1.2521938011621654,4.178303344547216,0.0010599276894652,0.5684387677918363
-0.13,0.2069,-0.0976,21,33.43589488418,0.0597,60.02849949038,0.0702,507346589558394752,0.3499,0.1102,-0.456,0.093,-0.524,0.116,1.059,17.806177,0.002886,18.681684,0.013437,16.887758,0.006529,1.793926,,,1.305,1264.001,82.602,183.928,0.99,1.2384642312194294,0.0387235330444866,0.729422563955652,0.3196865155537159,0.5889734604910151,0.2587874806762725,1.3089855618691282,1.9678867951750814,0.32202326039949924,0.5942196321013651
-0.1071,0.0811,0.008,22,33.43249393346,0.0313,60.03179329851,0.0388,507346589558394112,0.4388,0.0571,-0.577,0.05,-0.329,0.067,1.02,16.836853,0.0028,17.52788,0.005623,16.016254,0.003491,1.511625,,,1.28,2181.429,222.397,517.67,1.0,1.6366229486634598,0.0140575545255919,0.3761880424308195,0.3823989317252008,0.2298562675893257,0.2336595508805121,1.3747942926239387,2.0128109910942795,0.3826572328126241,0.6240937887898029
-0.0953,0.1504,-0.0621,21,33.47687549461,0.0298,60.0000017825,0.0348,507345764924681472,0.4067,0.0502,-0.551,0.044,-0.481,0.056,0.95,16.628958,0.002795,17.259644,0.004443,15.85276,0.003625,1.406883,,,1.266,2305.716,313.956,469.22,1.0,1.7612727635194847,0.0017158799812109,0.0,0.0431291320893439,0.0,0.0244874802941712,1.4007712056574044,1.7612727635194847,0.043163251486536484,0.6358861203139443
-0.1164,0.1745,-0.0711,21,33.47833243503,0.0159,60.06349646934,0.0198,507347104954457856,0.403,0.0295,-0.529,0.026,-0.333,0.032,1.094,15.318595,0.002768,15.881037,0.003199,14.583177,0.002973,1.29786,,,1.261,4125.025,693.552,1056.915,1.0,2.398996528644292,0.1448614595597858,1.8696461026550093,0.2180387607417373,0.7793450637928074,0.1023483744928897,1.4140278902581445,4.268642631299301,0.2617742226644633,0.6419040493696989
-0.0553,0.1413,-0.0928,22,33.56613687284,0.0178,60.02224741648,0.0206,507346005442841472,0.4451,0.0306,-0.595,0.026,-0.459,0.035,0.999,15.557157,0.002851,16.075285,0.00388,14.855245,0.003532,1.22004,,,1.253,1483.065,402.641,501.256,1.0,2.6260102223798407,0.0030407464460482,0.0,0.0,0.0,0.0,1.5001954488326101,2.6260102223798407,0.0030407464460482,0.6810201836088564
-0.0498,0.1663,-0.0879,22,33.55554036479,0.0093,60.05283079584,0.0114,507346211601261440,0.3924,0.0169,-0.605,0.015,-0.462,0.019,1.054,14.07148,0.002761,14.603142,0.002944,13.363491,0.002844,1.239651,,,1.252,6120.836,1155.563,1963.525,1.0,3.567960584822756,0.1087243324297597,3.2286845088420506,0.1374167485128263,0.9049103632411456,0.0473677549067962,1.5214143371922086,6.796645093664806,0.17522654831427298,0.690652589344972
-0.054,0.1592,0.0051,22,33.42693889719,0.0166,60.02317013092,0.0202,507346555198658432,0.3911,0.0297,-0.502,0.026,-0.397,0.033,1.133,15.230629,0.002766,15.768546,0.003296,14.511567,0.002976,1.256979,,,1.258,4398.573,618.738,1048.045,1.0,2.8808100994670163,0.1366144906567734,0.7336277285953602,0.6587487783787408,0.2546602182251061,0.2289865695515416,1.5329805042653657,3.6144378280623766,0.6727655401942738,0.6959031006899714
-0.0932,0.1851,-0.0594,22,33.43405293952,0.0308,60.00692896581,0.0356,507345794982499200,0.3258,0.0535,-0.627,0.047,-0.443,0.058,0.99,16.716158,0.002797,17.361525,0.005903,15.924034,0.003554,1.43749,,,1.273,2270.647,208.709,493.206,1.0,1.711524218676852,0.001890005339725,0.0,0.0867479840676151,0.0,0.0506846371912156,1.6966882449678813,1.711524218676852,0.08676857069226963,0.7702189344822774
-0.1083,0.2016,-0.131,21,33.50714421748,0.0185,59.99017604696,0.0211,507345490046775680,0.4492,0.0314,-0.607,0.027,-0.398,0.036,1.189,15.232369,0.002769,15.76858,0.003116,14.511347,0.002928,1.257234,,,1.26,3952.737,783.069,1220.862,1.0,2.8855689304254266,0.1291305637339154,0.7231224815108669,0.6449466530734754,0.2505996214078501,0.2237887877205981,1.75793774986594,3.6086914119362934,0.6577468265228777,0.7980234109617163
-0.147,0.2667,-0.0328,21,33.41215901109,0.0534,60.0316107984,0.064,507346550894562048,0.3655,0.0997,-0.537,0.088,-0.166,0.106,1.018,17.666517,0.002871,18.51841,0.010435,16.712896,0.005413,1.805513,,,1.344,1347.288,107.983,234.043,0.96,1.2354662469492856,0.0445373700068865,0.9808715920218954,0.099431592964983,0.7939282796627943,0.0854185007523786,1.804303249076339,2.216337838971181,0.10895053467828585,0.8190712289709985
-0.0888,0.1281,-0.1925,20,33.50247066447,0.1264,59.98845210612,0.1486,507345490046776192,0.4268,0.2242,-0.428,0.18,-0.427,0.256,1.011,18.939629,0.003417,20.037651,0.049043,17.949915,0.011064,2.087736,,,1.311,537.455,22.174,101.406,0.97,1.016421524936861,0.0075150642864813,0.213913312718265,0.2662878688870855,0.2104572831941482,0.2619902857419293,1.8221026751953397,1.2303348376551262,0.2663938912731589,0.8271513550993151
-0.0674,0.1443,0.014,22,33.41394354818,0.0331,60.04480103858,0.0408,507346658277866624,0.4024,0.0597,-0.526,0.052,-0.43,0.068,1.018,16.893293,0.002812,17.540333,0.009192,16.001534,0.006394,1.538799,,,1.357,1939.177,123.966,188.727,1.0,1.6146487306126296,0.0183237443921347,0.6041212855944318,0.3677714718130095,0.374150286771796,0.2278113877113864,1.8540466428118438,2.2187700162070616,0.3682276674668208,0.8416524567446477
-0.169,0.2775,-0.0521,20,33.47080428171,0.0453,60.07542211343,0.0546,507347104954455424,0.3113,0.0858,-0.517,0.081,-0.481,0.092,0.977,17.403774,0.002839,18.249355,0.009872,16.512346,0.004918,1.737009,,,1.29,1586.034,114.661,268.096,1.0,1.3408614503372638,0.0370265424150984,0.935838964294234,0.1082410744024485,0.6979386006353189,0.0829938151496289,1.9427425528196112,2.276700414631498,0.11439884191290343,0.8819163470036456
-0.0959,0.1351,-0.0318,21,33.47876834684,0.0257,59.98645844516,0.0292,507345524406514944,0.4373,0.0422,-0.535,0.038,-0.565,0.049,0.959,16.324306,0.002784,16.97831,0.006476,15.523005,0.003361,1.455305,,,1.278,2717.898,185.767,579.217,1.0,1.814225602372564,0.0254117644549381,1.1971251822207511,0.0445417029749304,0.6598546402692167,0.0262334505560794,1.9445239642378436,3.011350784593315,0.05128080612295578,0.8827250263874363
-0.0882,0.1852,-0.1025,21,33.41355653683,0.0093,60.01050896444,0.0114,507323087496434304,0.4286,0.0169,-0.537,0.014,-0.378,0.018,1.109,14.032043,0.002764,14.523929,0.002933,13.35609,0.002851,1.167839,,,1.246,5078.822,1200.535,1857.89,1.0,4.430215584848777,0.0014882938246589,0.0,0.065406928684934,0.0,0.0147638252433186,1.984314183496272,4.430215584848777,0.06542385909211226,0.9007879677503755
-0.0697,0.1669,-0.0206,22,33.40296166958,0.0298,60.02652023963,0.0361,507346623918365440,0.3629,0.0536,-0.537,0.046,-0.347,0.061,1.045,16.684788,0.002808,17.475422,0.005765,15.801886,0.003451,1.673536,,,1.299,1999.327,215.222,534.513,1.0,1.45167838161258,0.0325125645044938,1.3507226420880758,0.036951146362486,0.9304558497231606,0.0328964107727594,2.0096624563961942,2.802401023700656,0.04921843219933699,0.9122949253790668
-0.1128,0.2659,-0.0539,21,33.3956218209,0.0548,60.02055739616,0.0644,507323151912726528,0.3076,0.101,-0.44,0.09,-0.392,0.109,1.029,17.69647,0.002904,18.734369,0.011718,16.681408,0.004605,2.052961,,,1.351,1182.206,95.399,296.397,0.99,1.1826914977063638,0.0345233478229383,1.0474665325076231,0.0588984638710243,0.8856633657543093,0.0561110596898899,2.2028648855644586,2.230158030213987,0.06827071547354643,1.0
-0.0793,0.1787,-0.1069,19,33.45214337366,0.0744,59.98221060392,0.0809,507322262862719104,0.3076,0.1266,-0.39,0.107,-0.425,0.134,1.007,18.111034,0.003059,19.149284,0.019314,17.14941,0.006774,1.999874,,,1.299,816.519,56.812,175.89,0.98,1.1015576473082849,0.035322818685646,0.9285040829412532,0.0777591277734577,0.8429010367365727,0.075587826054354,2.2938211440324374,2.030061730249538,0.08540599201454159,1.0412899851752244
-0.0848,0.1455,0.0694,20,33.38858387741,0.0992,60.03907580374,0.1244,507346619614046464,0.3259,0.1804,-0.743,0.156,-0.397,0.214,1.027,18.69491,0.003128,19.695864,0.048152,17.700991,0.011555,1.994873,,,1.34,733.45,22.586,96.825,0.97,1.0362566745332296,0.0248525507267296,0.5941154252929749,0.2638008176847365,0.5733284425507683,0.2549419953218602,2.3244123219809896,1.6303720998262046,0.26496890513560317,1.0551769821258856
-0.0244,0.0178,-0.1385,21,33.61474747369,0.1128,60.01971943087,0.1357,507343114922914304,0.3668,0.2004,-0.577,0.159,-0.493,0.233,1.019,18.798338,0.003153,19.706633,0.042378,17.873129,0.01391,1.833504,,,1.301,707.95,25.676,79.676,0.98,1.0490559262210413,0.0066845392634545,0.0,0.1583981141063961,0.0,0.1509911055714496,2.5251041363777245,1.0490559262210413,0.15853909807245511,1.146281895419426
-0.0441,0.1583,-0.0937,22,33.55690522495,0.0207,60.08557432407,0.0253,507346452119421312,0.4334,0.0379,-0.599,0.035,-0.459,0.043,1.008,16.03945,0.002775,16.579155,0.00401,15.320609,0.003089,1.258546,,,1.257,3324.573,376.943,818.598,1.0,2.191997709701759,0.0032167032131811,0.0,0.0,0.0,0.0,2.608399697215582,2.191997709701759,0.0032167032131811,1.184094273919669
0.0012,0.1364,0.017,22,33.50849547684,0.0282,60.09877274173,0.0357,507347272452117376,0.3761,0.0542,-0.493,0.048,-0.58,0.059,1.048,16.655737,0.002796,17.234133,0.00548,15.867085,0.004459,1.367048,,,1.296,2292.39,230.209,312.141,0.99,1.7569369907528998,0.0034363219296177,0.0,0.0,0.0,0.0,2.855551278191165,1.7569369907528998,0.0034363219296177,1.2962897983002997
-0.1032,0.2118,-0.0968,20,33.38605761556,0.1087,59.98472045308,0.1193,507322945757334912,0.1836,0.1871,-0.548,0.16,-0.311,0.196,0.986,18.731157,0.003139,19.714886,0.068986,17.767557,0.025295,1.947329,,,1.316,721.583,15.751,43.187,0.97,1.0540693448852123,0.0196970954585372,0.2656154090264387,0.3172045804059932,0.2519904504531095,0.3009701522594202,3.076595607244002,1.319684753911651,0.31781554618999514,1.3966338232567814
-0.0146,0.1379,-0.1907,21,33.64252971113,0.0208,60.02181780681,0.0243,507343149282656640,0.3892,0.0365,-0.601,0.029,-0.217,0.043,0.975,15.829623,0.002773,16.388412,0.00371,15.096968,0.003036,1.291445,,,1.26,3432.818,444.152,906.45,0.95,2.3653918572161343,0.0126786351046547,0.1864347919036354,0.3539243948258433,0.0788177194974592,0.1496267117435091,3.0897032014196157,2.5518266491197696,0.35415141541571793,1.4025840720720895
-0.0705,0.3163,-0.0625,20,33.38694279225,0.0387,60.08201084844,0.0477,507347036234978816,0.3363,0.0764,-0.691,0.071,-0.511,0.079,0.968,17.1236,0.002813,17.959566,0.009239,16.224627,0.00407,1.73494,,,1.299,1922.358,123.265,366.406,0.99,1.3461888339878192,0.0402781792381263,1.1756209406736833,0.061051357023666,0.8732957152757966,0.0523399344685995,3.1656746326385488,2.5218097746615022,0.0731409592305827,1.4370716303952438
-0.0213,0.0068,-0.1454,22,33.65260073354,0.0979,60.03780814484,0.123,507344631053517312,0.4208,0.1771,-0.653,0.144,-0.251,0.215,1.022,18.667112,0.003113,19.680189,0.032833,17.664747,0.008619,2.015442,,,1.345,749.214,33.188,133.134,0.98,1.0330215874473003,0.0233071856532158,0.6848378657114218,0.1844226042223891,0.6629463256462285,0.1791528411876203,3.2855661080079126,1.7178594531587221,0.18588954207066474,1.4914968818734538
0.002,0.2705,0.0108,20,33.34104603983,0.0637,60.03345439307,0.0785,507323431093816064,0.3541,0.1231,-0.535,0.105,-0.503,0.136,1.008,17.991148,0.002921,18.975794,0.016596,16.996536,0.005639,1.979258,,,1.345,1120.365,66.366,221.543,0.99,1.1223473572671632,0.0336379997210334,0.9808955086421406,0.0660129366889838,0.8739678516556159,0.0643858408685326,3.3074893683792843,2.1032428659093036,0.07408928961419475,1.5014490403172316
-0.0252,0.1108,-0.0766,22,33.57602018909,0.0175,60.10114478465,0.0222,507347963947906176,0.4057,0.0319,-0.492,0.029,-0.535,0.037,1.01,15.731767,0.002771,16.319265,0.003663,14.976485,0.003256,1.34278,,,1.266,3728.364,457.397,646.72,1.0,2.2511428812121173,0.1256014971248033,1.3621418558761835,0.1702432583869676,0.6050890271090854,0.0828188515450387,3.379736328036929,3.613284737088301,0.21156205497726616,1.5342458587381362
-0.07,0.1851,-0.0294,22,33.34111218807,0.0183,60.00877903764,0.0216,507323224935388800,0.4483,0.0324,-0.535,0.028,-0.508,0.037,1.24,15.277314,0.002768,15.840226,0.003141,14.537803,0.002946,1.302423,,,1.264,4037.83,752.532,1150.1,1.0,2.541500986968888,0.1226656301098457,1.749646816087007,0.1875800929641321,0.6884305082146425,0.0809412597601539,3.4426845929856653,4.291147803055895,0.2241275263921813,1.5628214946571801
-0.148,0.2466,-0.1613,20,33.48815400309,0.0574,59.94747616638,0.0648,507321953615533440,0.1533,0.098,-0.48,0.089,-0.616,0.11,0.939,17.653625,0.002875,18.538935,0.02229,16.70015,0.006797,1.838785,,,1.334,1321.894,49.096,175.173,0.78,1.2150931720320663,0.0409069625641042,1.0332903962894735,0.0743603460326897,0.8503795594221354,0.0675625637097949,3.5575794765288165,2.2483835683215396,0.0848695507724789,1.6149785217613235
-0.0327,0.1423,-0.0086,21,33.36220251775,0.0267,60.08208529354,0.0336,507347031930977024,0.3478,0.0493,-0.593,0.046,-0.587,0.057,0.966,16.542759,0.002792,17.253336,0.005854,15.676942,0.003416,1.576394,,,1.311,2405.482,210.991,550.901,0.99,1.596643468340443,0.0323623545314379,1.299301615842606,0.0430442715826655,0.8137706642755411,0.0316047806706608,3.570246017314849,2.895945084183049,0.053852867211511994,1.620728552491323
0.082,0.0048,-0.1837,22,33.6445022017,0.0359,59.98469623477,0.0444,507342741267944448,0.4206,0.0629,-0.422,0.053,-0.596,0.078,1.057,16.809385,0.00281,17.478605,0.006613,16.000105,0.003633,1.4785,,,1.279,1971.991,181.1,466.678,0.98,1.6621750616188478,0.003267908819126,0.0,0.1530039003047405,0.0,0.0920504126416894,3.682382404519944,1.6621750616188478,0.1530387948740877,1.671633348305144
-0.1237,0.0038,-0.0349,22,33.63056817386,0.1202,60.08820421635,0.1547,507347792149410944,0.2548,0.2191,-0.72,0.196,-0.515,0.288,0.975,18.966806,0.003375,19.980173,0.04326,18.000532,0.0108,1.979641,,,1.31,557.145,25.15,104.068,0.96,1.0143595514704091,0.0046964666218868,0.0,0.200381784412687,0.0,0.1975451250222022,3.6927401192050078,1.0143595514704091,0.20043681379213518,1.676335277485158
-0.0374,0.163,-0.2766,21,33.57090759169,0.021,59.94408937458,0.0251,507342225871901568,0.3152,0.0363,-0.342,0.031,-0.43,0.048,0.985,15.765135,0.002791,17.135063,0.004829,14.625553,0.002936,2.50951,,,1.408,2424.537,275.473,1190.016,0.76,1.8139860072804552,0.0576272353041102,1.6348248937202643,0.0547010460050378,0.9012334644031842,0.041581821449545,4.007621420342065,3.4488109010007193,0.07945503560404807,1.8192769999668672
-0.1177,0.1884,-0.0819,21,33.34907294868,0.0783,59.96355340149,0.0891,507322537742733824,0.4427,0.1347,-0.513,0.115,-0.241,0.156,1.031,18.161501,0.002943,19.06716,0.027417,17.191977,0.006575,1.875183,,,1.343,1049.923,39.808,182.35,0.98,1.1278097055823804,0.0422825788327542,0.8031561717858634,0.2214817886994643,0.7121380209892131,0.1981888017459615,4.2555495500058225,1.9309658773682439,0.2254817047972235,1.9318250419681946
-0.004,0.0518,-0.1256,23,33.63862460481,0.0304,60.10702451567,0.0396,507347826509137664,0.3642,0.0559,-0.727,0.051,-0.467,0.07,1.023,16.830132,0.002803,17.5639,0.005903,15.987818,0.003599,1.576082,,,1.283,2115.735,208.704,477.507,0.99,1.5767543517086875,0.0184033063969337,1.0023072094559486,0.0636370993309717,0.6356774651484389,0.0410358489595905,4.366630149807203,2.579061561164636,0.06624471373324349,1.9822505585440409
0.0006,0.1932,-0.2645,20,33.7014982724,0.0481,60.0062727325,0.0581,507342118490470400,0.3857,0.0892,-0.5,0.072,-0.551,0.102,1.014,17.359833,0.002948,18.114265,0.012882,16.500145,0.005725,1.61412,,,1.291,1035.538,86.334,217.194,1.0,1.429178556479563,0.0022684035102543,0.0,0.0715601706816073,0.0,0.0500708398941266,4.4392767539626945,1.429178556479563,0.07159611499562042,2.0152287973055514
-0.0337,0.1399,-0.1659,22,33.6745402737,0.0445,60.09086041517,0.0571,507344867267451904,0.3241,0.0854,-0.565,0.077,-0.466,0.102,0.995,17.473028,0.002842,18.354698,0.013587,16.544798,0.006359,1.8099,,,1.312,1563.067,81.65,190.01,1.0,1.2507787295383834,0.0408260754714766,1.088126989487819,0.0676165608552366,0.8699596209870044,0.0610636269687839,4.5009610695225915,2.3389057190262026,0.07898587051044394,2.0432306579571593
-0.0535,0.2625,-0.074,21,33.28313489815,0.0424,60.03614733323,0.0507,507510966542348928,0.3369,0.0802,-0.708,0.072,-0.272,0.087,0.99,17.327272,0.002839,18.216255,0.012703,16.405695,0.004782,1.81056,,,1.303,1584.089,87.611,279.529,0.98,1.2831440634732765,0.0378497601714842,1.1316109018542502,0.0569746201059553,0.8819047946893438,0.0514616805409005,4.533864373713226,2.4147549653275266,0.06840110877213028,2.0581672545710745
0.1594,0.0444,-0.2032,22,33.70310806151,0.0129,60.06956687931,0.0179,507344596693754240,0.3854,0.0253,-0.569,0.022,-0.44,0.034,1.014,14.920007,0.002766,15.449296,0.003254,14.210096,0.002867,1.2392,,,1.255,4472.224,648.085,1646.502,1.0,2.9032504171259585,0.2280842542630844,1.9084216803151464,0.4652607409055595,0.6573396731668665,0.1683703353390173,4.628802984271764,4.811672097441105,0.5181601915148804,2.101265045625205
-0.1941,0.2737,-0.08,20,33.36040864495,0.0562,60.11831097603,0.0696,507535190161757568,0.3405,0.103,-0.541,0.102,-0.344,0.114,1.009,17.64912,0.002863,18.591366,0.017283,16.687426,0.005685,1.90394,,,1.325,1395.298,63.655,219.187,0.99,1.200364424347679,0.0385207394673314,1.0553232819038134,0.0667175040476291,0.8791690760723052,0.0623317130788201,4.675528779137611,2.2556877062514924,0.07703942312514696,2.1224764213986558
-0.0702,0.168,-0.328,20,33.61662844801,0.1027,59.93810017019,0.1229,507342191512165120,0.299,0.183,-0.735,0.147,-0.184,0.228,0.952,18.455759,0.003048,19.479322,0.041333,17.477983,0.012796,2.001339,,,1.318,833.689,26.328,86.941,0.96,1.0526111612964677,0.0293772204548268,0.8103904704447409,0.1124645428042917,0.7698858802205828,0.1089825055030405,4.683364248507408,1.8630016317412086,0.11623809388419037,2.126033366457403
-0.1156,0.186,-0.1356,21,33.34570417287,0.069,59.94864078537,0.077,507322503380903424,0.3026,0.12,-0.725,0.099,-0.564,0.13,1.017,17.978687,0.002922,18.922876,0.016141,17.039516,0.009609,1.88336,,,1.304,1115.125,68.293,118.076,0.98,1.1378237949069847,0.0381021265298934,0.950069230049632,0.0821532468297005,0.8349880133481464,0.077427155658792,4.752585701147715,2.0878930249566166,0.09055897531863809,2.157456742940419
0.0292,0.1452,0.021,23,33.2701529572,0.0336,60.02593499106,0.0413,507510932182619136,0.4278,0.0591,-0.674,0.053,-0.592,0.068,1.016,16.955593,0.002812,17.774694,0.009489,16.055553,0.003961,1.719141,,,1.305,1932.983,119.716,386.095,0.98,1.3812287880022782,0.036377340727143,1.2473771374871565,0.0476503372414125,0.9030923394604914,0.0419029682390291,4.810201991320797,2.6286059254894347,0.05994885785066301,2.1836119059513894
-0.0695,0.147,0.1254,22,33.26832773951,0.0337,59.98583751216,0.0386,507322846980377600,0.2974,0.058,-0.752,0.051,-0.589,0.065,1.045,16.286835,0.002802,17.714331,0.00682,15.105306,0.00315,2.609025,,,1.444,2123.938,174.464,743.156,0.89,1.5180296313572237,0.0238407131534162,1.452730579819408,0.0263209959344068,0.956984336676331,0.0229460958621401,5.216087645949027,2.9707602111766316,0.03551301776310388,2.3678654465511917
0.0564,0.1098,-0.2826,20,33.72564439047,0.0325,59.97961209691,0.0411,507342049770935680,0.3887,0.0593,-0.692,0.045,-0.381,0.07,1.005,16.624777,0.002805,17.468632,0.005707,15.703094,0.003849,1.765537,,,1.317,2071.239,218.081,409.5,0.99,1.4560010340971246,0.0262886830315656,1.3819396229288297,0.0288185088446732,0.9491336823024848,0.0261808328369782,5.296993507910743,2.837940657025954,0.039007708309571745,2.404593010956934
0.0988,0.027,-0.2594,21,33.75331782135,0.1022,60.03555418915,0.1325,507343767757964672,0.2677,0.1944,-0.371,0.154,-0.188,0.232,0.997,18.64349,0.00325,19.751057,0.035343,17.647635,0.012472,2.103422,,,1.315,629.594,30.816,89.32,0.95,1.0332807223487612,0.0229629333153016,0.6919091493367165,0.1744770653854678,0.6696235924772995,0.1695118386094826,5.404950046967647,1.7251898716854779,0.17598165430512294,2.453600346706099
0.0004,0.0224,0.0459,22,33.55352142775,0.076,60.16329999825,0.0988,507349372697168768,0.4262,0.1486,-0.391,0.137,-0.311,0.16,1.079,18.350607,0.002951,19.562582,0.026055,17.246891,0.007276,2.315691,,,1.401,1026.952,41.911,161.583,0.98,1.0553423596173537,0.0300639250773555,0.8691823121304669,0.0742059945536192,0.8236022217904864,0.0741257245917463,5.698459112630277,1.9245246717478206,0.08006478138825215,2.5868400508686276
-0.0604,0.2365,0.0287,21,33.27941257882,0.0503,59.94078709771,0.0568,507322434661431552,0.3371,0.0879,-0.442,0.078,-0.585,0.092,0.965,17.546154,0.002861,18.429834,0.008636,16.622057,0.00457,1.807777,,,1.307,1408.911,132.847,299.972,0.99,1.2442916155290933,0.0455852712306817,1.044223995871069,0.0866642135362136,0.8392116308097501,0.0761334136766604,6.000231471762352,2.2885156114001624,0.09792192226986379,2.723830912682083
-0.0235,0.0116,-0.3271,20,33.78560477374,0.1157,60.03426968969,0.1558,507343699038918528,0.3151,0.2277,-0.592,0.182,-0.434,0.306,0.946,18.838438,0.003295,19.84535,0.056886,17.795649,0.012746,2.049702,,,1.387,600.874,19.109,87.301,0.97,1.0302146057161827,0.0164613307682367,0.4414895069567845,0.2932887547415724,0.428541300528224,0.2847693856540901,6.085461811276207,1.4717041126729673,0.293750351605787,2.762521592293155
-0.0414,0.2498,-0.2836,20,33.54296733635,0.118,59.88740928202,0.1396,507318547709702400,0.3485,0.2135,-0.54,0.184,-0.341,0.26,1.071,18.652607,0.003451,19.713982,0.051028,17.567661,0.012129,2.14632,,,1.416,522.547,21.309,91.983,0.98,1.031506654548229,0.0205130698427583,0.7471354901565502,0.0952051498827987,0.7243147553747723,0.0934143799876064,6.167521969547867,1.7786421447047793,0.09738997175572055,2.7997731544790185
-0.0492,0.163,-0.1573,21,33.49784046558,0.0106,59.88396525735,0.0122,507318208413627520,0.358,0.0175,-0.666,0.016,-0.452,0.021,1.156,12.957648,0.002774,13.478281,0.002991,12.261777,0.002893,1.216504,,,1.248,3392.295,1006.433,1420.911,1.0,5.220715206765956,0.1609602622239864,4.218977920311027,0.3750489135657154,0.8081225949355187,0.076036551754332,6.2378310135185435,9.439693127076982,0.40812975091512005,2.831690247729457
0.0966,-0.0616,-0.2319,22,33.79748556589,0.0843,60.05453433417,0.1189,507344111353142656,0.4921,0.1632,-0.543,0.121,-0.329,0.195,0.992,18.382504,0.003326,19.456165,0.030204,17.393764,0.009765,2.062401,,,1.316,582.918,36.101,116.022,0.98,1.0564306585101575,0.0300845041532316,0.8549175288618259,0.0736670376994452,0.8092509640599436,0.0734414482010791,6.408003504336617,1.9113481873719835,0.07957329849614939,2.908940782672942
-0.0286,0.1343,0.0645,22,33.20032113256,0.0387,59.99670000836,0.0456,507510451142504960,0.2986,0.0681,-0.509,0.058,-0.447,0.075,1.02,17.043943,0.002817,17.785227,0.006957,16.181231,0.004218,1.603996,,,1.298,1856.54,170.366,343.22,1.0,1.5219585453768265,0.0188247256199705,0.7492688939578295,0.2646273923142859,0.4923057176779513,0.1739795228812866,6.452331717398504,2.271227439334656,0.26529611202904224,2.9290637658628658
0.0288,0.1911,-0.1165,21,33.44444325025,0.0743,59.87734011802,0.0852,507318345852586368,0.3624,0.1255,-0.571,0.108,-0.376,0.145,0.993,18.066523,0.002985,18.981432,0.021345,17.098814,0.00691,1.882618,,,1.339,945.93,51.307,171.754,0.99,1.13222868713431,0.0397664614606063,0.9047973506711606,0.0937380471817841,0.7991295053309576,0.0874189737110244,6.614360960692807,2.0370260378054708,0.10182432394350707,3.0026176385293613
-0.0787,0.2776,-0.2697,20,33.68266581066,0.055,59.90000269186,0.0654,507341092000558848,0.3973,0.0972,-0.656,0.087,-0.369,0.12,1.024,17.506849,0.002901,18.395031,0.011113,16.584305,0.0048,1.810726,,,1.305,1198.138,100.935,278.003,0.99,1.2517459984642003,0.0410188602130059,1.0609640583566728,0.0744052532455791,0.8475873377333718,0.0656101822380484,6.801360265529275,2.3127100568208734,0.08496286602812358,3.087506778150175
0.0631,0.1332,-0.0125,23,33.17455265056,0.0341,60.02845922553,0.042,507510760383930112,0.3961,0.0626,-0.587,0.054,-0.407,0.078,1.005,17.004221,0.002807,17.779617,0.006594,16.116194,0.00424,1.663424,,,1.309,2015.939,181.718,340.113,1.0,1.465129960929603,0.0268526045044467,1.0771137973218,0.058838902407677,0.7351660439995285,0.0423595830836386,6.825106280730896,2.542243758251403,0.0646767253748392,3.098286383997647
0.0276,0.0688,-0.1398,22,33.82185691025,0.1105,60.03071532206,0.1415,507343870837170688,0.3309,0.1946,-0.593,0.164,-0.583,0.229,1.007,18.784012,0.003235,19.747269,0.038667,17.684162,0.021254,2.063107,,,1.458,640.253,28.153,51.531,0.98,1.0298196020154884,0.0212733286927364,0.6073860538541627,0.2238346330585156,0.5897984973925828,0.2176944536428572,6.850525820596197,1.637205655869651,0.22484327312621458,3.1098256935721365
0.1006,0.099,-0.3569,20,33.57939547988,0.0266,59.87368336884,0.0339,507317796097225856,0.3846,0.0477,-0.528,0.041,-0.481,0.07,0.964,16.210148,0.002793,16.79351,0.00411,15.46325,0.003412,1.33026,,,1.261,2388.859,359.782,552.673,1.0,2.0516377079410004,0.0049000793666863,0.0,0.1819141681597769,0.0,0.0886677835251643,6.893918398387061,2.0516377079410004,0.1819801509919788,3.1295239411020774
-0.0069,0.1804,-0.1527,21,33.82698109736,0.0632,60.03389611576,0.0775,507343905196908928,0.2675,0.1128,-0.749,0.098,-0.583,0.124,1.009,17.802813,0.002917,18.745909,0.027541,16.831867,0.006986,1.914042,,,1.334,1133.734,39.626,169.512,0.96,1.1736099157942184,0.0374226540244616,1.0058966872232578,0.0710797359209384,0.8570962750792167,0.0664458888538039,6.9591204994522595,2.179506603017476,0.08032922191098886,3.1591227156308617
-0.0281,0.0453,-0.0557,22,33.63579086323,0.0527,60.18469166698,0.0694,507348719862136832,0.4526,0.1036,-0.604,0.099,-0.2,0.12,0.991,17.841822,0.002876,18.882856,0.02,16.836187,0.006141,2.046669,,,1.341,1319.553,54.822,198.482,0.98,1.155545224456804,0.0360822811504374,1.000573201713189,0.0701713657883574,0.8658883966947603,0.066472948665849,7.104366974007785,2.156118426169993,0.07890469941405687,3.225057978164364
0.0276,-0.0421,-0.0254,22,33.60357168794,0.0859,60.19353186419,0.1179,507349475776379904,0.2372,0.1735,-0.637,0.16,-0.428,0.213,1.017,18.666964,0.003062,19.693338,0.035395,17.66103,0.01007,2.032309,,,1.345,812.642,30.771,112.213,0.98,1.0326874999852813,0.0230515910329216,0.6942040323912686,0.1656727821082976,0.672230497997858,0.1611289978938163,7.2083442363792045,1.72689153237655,0.16726878543426005,3.2722589041279986
-0.1012,0.1344,-0.0242,21,33.32687466897,0.0324,60.18003546147,0.0434,507536358389959168,0.438,0.0673,-0.449,0.062,-0.263,0.076,1.045,16.96851,0.002803,18.060051,0.008018,15.935773,0.003512,2.124278,,,1.355,2108.636,144.446,509.106,0.98,1.3438607367293889,0.0254861159925716,1.2535530980133485,0.0332358524245272,0.9327998532527813,0.0304072944059207,7.23996532622892,2.5974138347427376,0.04188274101311619,3.2866134340208357
-0.0312,0.0402,0.0678,23,33.1421825449,0.1092,59.99245129045,0.1302,507509244257033088,0.3485,0.1857,-0.29,0.16,-0.212,0.212,1.055,18.736429,0.003164,19.908966,0.033513,17.670948,0.011859,2.238018,,,1.369,697.919,32.51,94.201,0.92,1.0252657621960908,0.0192732735477976,0.6425071932233856,0.1908740682326147,0.6266738019683336,0.1865426787825327,7.690925695775872,1.6677729554194762,0.19184464807994275,3.4913288355427943
0.0199,0.0459,0.0181,22,33.53026258952,0.0186,60.213994493,0.0258,507349785014023424,0.369,0.0391,-0.525,0.036,-0.359,0.044,1.012,16.034809,0.002772,16.736437,0.003928,15.19668,0.003158,1.539757,,,1.291,3605.864,392.67,734.382,1.0,1.7408275000953342,0.0444067621908592,1.600931554685023,0.044448451599901,0.9196382493942392,0.0346735952710781,7.749533722090849,3.341759054780357,0.0628301311307263,3.517934201445642
-0.0313,0.0276,-0.0503,20,33.70221599012,0.0795,60.1855451347,0.1073,507354354859360384,0.4142,0.1567,-0.358,0.141,-0.569,0.19,0.993,18.458843,0.003002,19.43026,0.032278,17.477552,0.009041,1.952707,,,1.336,911.521,33.764,126.252,0.97,1.062082819228532,0.0328354755402551,0.7627190152782448,0.1875557616163364,0.7181351599607487,0.1779825969914737,7.8138696600746025,1.824801834506777,0.19040833009466446,3.547139777514039
-0.1734,0.1611,-0.0353,20,33.30008132694,0.0436,60.19272186476,0.0577,507536427112329216,0.397,0.0929,-0.314,0.088,-0.28,0.101,0.923,17.518213,0.002829,18.526014,0.014885,16.519789,0.003994,2.006226,,,1.342,1695.571,74.26,379.863,0.87,1.2202047837311865,0.035701238414524,1.0958351494532197,0.0568341273400265,0.8980747855309461,0.0534780961670418,7.988867407007336,2.316039933184406,0.06711703550390938,3.626580758247586
