Cluster,RA_ICRS,DE_ICRS,dist,e_dist,age,e_age,Av,e_Av,FeH,e_FeH,Nc,n_members,mass_total,e_mass_total,alpha_high_int,alpha_high_er_int,alpha_low_int,alpha_low_er_int,Mc_int,Mc_er_int,offset_int,offset_er_int,rh,e_rh,stellar_dens,e_stellar_dens,t_relax,e_t_relax,tau,e_tau,bin_frac,e_bin_frac,bin_frac_0.5,e_bin_frac_0.5,average_ratio,str_average_ratio,segr_ratio,segr_ratio_std,mass_seg,mass_seg_pval
ASCC_113,318.0091,38.6407,0.558,0.0,8.493,0.088,0.245,0.049,0.001,0.025,264,371.0,413,82,-1.07001,0.15283,1.64677,0.16999,-0.17986,0.02541,1.61565,0.02915,4.821042530071979,0.3703712583072152,0.7904281744623911,0.1821713098884901,79.20520469653013,12.047147592575984,3.928676592691565,0.9953784755309968,0.4053030303030303,0.1646106991441645,0.2196969696969697,0.1394132811963852,0.54707,0.25176,1.22491,3.84242,0.17394,0.03741
ASCC_16,81.2316,1.6235,0.342,0.001,7.301,0.072,0.038,0.053,0.18,0.019,481,668.0,441,88,-1.92132,0.29318,0.73142,0.26905,-0.2,0.04743,1.58897,0.0682,2.798772862356728,0.2422977666932056,7.2741941867918625,1.889243349817488,54.62081120585383,8.944836945013641,0.3661355123591455,0.0853207103981621,0.40041928721174,0.1382902791739418,0.3186582809224318,0.1050681026118632,0.68666,0.2121,1.07665,2.38865,0.12508,0.43509
ASCC_21,82.1709,3.4393,0.339,0.0,7.011,0.035,0.283,0.065,-0.118,0.04,324,406.0,367,73,-1.01211,0.33296,0.01289,0.28135,-0.2,0.22471,1.46231,0.15549,3.2797917927775093,0.4283733668064821,2.7472526435346385,1.0764554021116564,50.68097953735696,11.135287027064418,0.2023741323893315,0.047361070731944,0.2727272727272727,0.2873276941903533,0.2037617554858934,0.2087858586086499,0.67624,0.2231,1.11475,2.08445,0.17204,0.17871
ASCC_23,94.9038,46.6552,0.604,0.001,8.489,0.084,0.376,0.044,-0.069,0.046,165,251.0,248,49,-2.48028,0.52298,1.47645,0.29169,-0.09926,0.03635,1.52865,0.08211,2.9028446046515364,0.3219562186143151,2.4497047759528945,0.8150946335088775,35.04832487519746,6.781387828395754,8.796962369038157,2.406694091585423,0.5212121212121212,0.0898723158491012,0.4,0.0881922779121927,0.60778,0.20757,1.1971,5.59729,0.22107,0.07295
ASCC_29,103.556,-1.6495,0.988,0.011,8.129,0.085,0.245,0.023,-0.077,0.025,83,116.0,183,36,-1.41007,0.31793,1.81771,0.38568,-0.15249,0.04727,1.29508,0.06739,2.327573590109372,0.3273225707098826,2.196135425265008,0.9265159598984004,16.261761170253568,3.784887655386084,8.276227525206984,2.5168130353904377,0.4146341463414634,0.1506981601583644,0.1951219512195122,0.137530330084703,0.42954,0.28635,1.19496,2.22426,0.23036,0.19328
ASCC_41,116.5811,0.1407,0.292,0.0,8.0,0.0,0.01,0.0,-0.036,0.0,172,212.0,126,25,-2.11335,1.39517,0.05369,0.41894,-0.14519,0.15969,1.19448,0.16989,2.805313263262354,0.4150314948193844,2.292467336883908,1.0174758285765415,40.95589810664031,9.9556653067731,2.441650766383431,0.5935227635063948,0.239766081871345,0.3595624554676028,0.175438596491228,0.2789823803027345,0.63534,0.22267,1.04543,5.29042,0.29202,0.06808
Alessi_12,310.8453,23.933,0.534,0.0,8.369,0.114,0.272,0.035,0.003,0.019,369,541.0,485,97,-1.74628,0.27375,1.47123,0.32272,-0.2,0.03575,1.6195,0.04941,5.656269583515607,0.4012485269970556,0.7137043688087995,0.151887824192726,125.94380861615684,18.390676859661227,1.8570482061468427,0.5578139673478955,0.4821917808219178,0.0746478917596131,0.3424657534246575,0.065721794464615,0.68616,0.22802,1.03225,6.76948,0.10309,0.41607
Alessi_21,107.723,-9.3886,0.557,0.0,8.0,0.0,0.372,0.0,-0.048,0.0,236,362.0,386,77,-1.67696,0.37049,1.3643,0.45012,-0.2,0.05681,1.52746,0.08254,4.047508631033441,0.4850367307282372,1.3033366583836243,0.4685594592488237,61.79855888982394,12.70402908080374,1.618160711130539,0.3326478982829722,0.5338983050847458,0.1148384867112899,0.4110169491525424,0.1099484919973595,0.65148,0.24133,1.14623,3.85042,0.22131,0.02398
Alessi_8,232.5152,-51.2035,0.65,0.003,8.32,0.067,0.335,0.046,-0.051,0.054,80,116.0,163,32,-1.12576,0.40624,1.76437,0.49104,-0.2,0.06244,1.24241,0.0807,2.9270779551470527,0.4191280803967342,1.104247725115354,0.4743514553442844,24.299404091027288,5.738356563714495,8.598137316567064,2.4253463127992023,0.5466666666666666,0.0851932715273169,0.2666666666666666,0.1114221464256991,0.49937,0.23773,1.27588,2.8655,0.37656,0.00631
Alessi_Teutsch_11,304.2059,52.0102,0.638,0.002,8.253,0.13,0.257,0.047,0.024,0.039,137,204.0,217,43,-1.54694,0.28352,1.32519,0.16617,-0.11956,0.03455,1.44864,0.05898,2.084784705310613,0.2807323488763572,5.374745705645244,2.17125295870889,19.407277736816827,4.366210265969959,9.226465856354508,3.4549039769365986,0.5111111111111111,0.0949688471522478,0.2962962962962963,0.0934471897984704,0.54755,0.25307,1.46606,3.08545,0.37954,0.00013
BH_164,222.1841,-66.3594,0.399,0.007,7.769,0.052,0.422,0.05,-0.003,0.021,377,562.0,432,86,-1.56942,0.37022,0.58761,0.38287,-0.2,0.08407,1.53209,0.08933,3.174909120097397,0.2914564374778087,4.192314074488872,1.1545624256178264,57.88708657755776,9.83550545667755,1.0148884444938373,0.2109533352860521,0.4946808510638298,0.135013889743286,0.2978723404255319,0.0886493882122319,0.57299,0.21439,1.02423,4.32456,0.06277,0.96066
BH_23,123.53,-36.2622,0.432,0.001,7.449,0.423,0.141,0.425,-0.013,0.034,166,253.0,181,36,-1.48794,0.48532,0.1394,0.44152,-0.2,0.16789,1.22225,0.15773,2.293917443250639,0.5180118092866379,5.003784072079032,3.3898594494982137,28.99909474665752,10.2374420671794,0.9696512442765284,1.0045562882565913,0.5333333333333333,0.1391429896006224,0.3696969696969697,0.0943527271759378,0.66718,0.22559,1.32364,3.90639,0.33649,0.01966
Blanco_1,31.7171,-30.0469,0.234,0.0,8.0,0.0,0.01,0.0,-0.024,0.0,569,695.0,338,67,-2.08456,0.80859,0.01,0.35726,-0.2,0.12344,1.43325,0.13094,3.437956013540423,0.3575541034858506,4.0831491828460456,1.2739663390585745,87.75215149516302,16.218768004437543,1.139573199017372,0.2106213126860628,0.2279151943462897,0.1507363145805389,0.1607773851590106,0.0971320089201587,0.66127,0.23038,1.00784,16.46284,0.13353,0.35616
COIN-Gaia_13,83.1834,42.0756,0.5,0.001,8.215,0.134,0.393,0.065,-0.092,0.041,285,454.0,378,75,-1.66123,0.4537,1.27654,0.30255,-0.2,0.04985,1.57566,0.06599,8.7384230985532,0.5888728021858869,0.1624306707305684,0.0328380772441241,237.63535845164705,33.65687409563024,0.6903811721829092,0.2343847929850383,0.6042402826855123,0.2981787698183887,0.4204946996466431,0.2065456009445932,0.60854,0.2224,1.00969,8.94885,0.1033,0.66203
Collinder_140,110.9439,-31.9954,0.378,0.01,7.62,0.042,0.194,0.055,-0.005,0.028,276,369.0,308,61,-1.32664,0.33027,0.48668,0.46019,-0.2,0.1112,1.50958,0.08434,3.884731833882947,0.5275497420746785,1.5026388856236113,0.6121787478054304,66.05500631519854,14.961179028797735,0.6310943056778097,0.1554246760319811,0.3369565217391304,0.2885119590506039,0.2101449275362318,0.2953977929645564,0.61132,0.24373,1.22836,5.84487,0.24174,0.01011
Gulliver_20,273.795,10.9935,0.415,0.008,8.853,0.085,0.297,0.041,-0.025,0.036,103,155.0,136,27,-1.88678,0.65342,1.10486,0.5013,-0.2,0.06576,1.20106,0.09594,4.695755492783859,0.4931772893842294,0.3573770530609925,0.1126018464468142,67.15487449452493,12.504538096706584,10.615060120239482,2.8676053973907285,0.5196078431372549,0.1307751360391348,0.3529411764705882,0.1565223755397815,0.61088,0.22407,1.17154,3.91181,0.18296,0.60404
Gulliver_21,106.9783,-25.4744,0.638,0.0,8.177,0.177,0.046,0.016,0.111,0.156,179,285.0,281,56,-1.80298,0.2368,1.24243,0.15926,-0.10698,0.02634,1.56054,0.04011,3.1946328486637245,0.445155873807032,2.086860370246628,0.8723802035833167,42.00480120269039,9.726376604270996,3.578500369128625,1.6773984727902984,0.601123595505618,0.1113765490128051,0.348314606741573,0.1682283187199256,0.55536,0.22385,1.38047,5.60289,0.22941,0.02631
Gulliver_6,83.4051,-1.5811,0.408,0.001,7.124,0.014,0.485,0.088,-0.034,0.024,373,482.0,365,73,-1.47001,0.41428,0.45494,0.35165,-0.2,0.10069,1.5141,0.10984,3.5644796626607684,0.4359223438404696,2.5407972192789448,0.9321895905204676,66.12691742507025,13.815907988259838,0.2011971024485838,0.042533556297573,0.3539325842696629,0.1353773789160839,0.2612359550561798,0.103243559242044,0.65741,0.23264,1.04796,4.18906,0.1064,0.64708
Haffner_13,115.2647,-30.0759,0.551,0.001,7.541,0.026,0.247,0.029,-0.057,0.032,374,515.0,393,78,-1.74748,0.33103,0.78607,0.24373,-0.2,0.05522,1.53337,0.07684,3.1210428598051765,0.1917479127188037,4.044077052985686,0.7453694504846577,55.09499219148214,7.461371978390414,0.6307944653759954,0.093401610860762,0.3806970509383378,0.1006295740692111,0.2680965147453083,0.0838484398946906,0.61241,0.22843,0.95365,3.27815,0.10122,0.62291
IC_2391,130.7678,-53.0893,0.149,0.0,7.761,0.021,0.088,0.032,0.124,0.04,289,355.0,215,43,-1.45672,0.34885,0.05896,0.23884,-0.2,0.10269,1.37756,0.07981,1.680062191908641,0.2225129445543668,17.87160956679316,7.1009236820848285,21.801516996972563,4.848950940060845,2.6455336271890757,0.602147435665189,0.2283737024221453,0.3337324727903763,0.1314878892733564,0.3020538471774082,0.5678,0.25615,1.15569,2.35659,0.2733,0.00654
IC_2395,130.4568,-48.0611,0.693,0.004,7.122,0.023,0.474,0.044,-0.034,0.039,361,479.0,484,96,-1.52541,0.26146,1.10254,0.3167,-0.2,0.05283,1.55934,0.07894,2.614256152501633,0.2050078875064246,6.400331784078182,1.5057267786920985,35.88675122869009,5.521422453891316,0.3690335541256528,0.0600478195273491,0.4088235294117647,0.127577307592297,0.2823529411764706,0.0931338986439479,0.69031,0.23103,0.96836,2.11322,0.09902,0.60285
IC_2602,160.6034,-64.3443,0.149,0.0,7.7,0.043,0.104,0.064,0.121,0.06,299,393.0,264,52,-1.28066,0.27087,0.16502,0.2184,-0.2,0.09393,1.47057,0.06968,1.9890235862355872,0.2196683706379947,11.922961504552712,3.950326499407956,27.492780787117336,5.298526684769038,1.822977593674775,0.3949844418357501,0.31438127090301,0.0707830885862816,0.157190635451505,0.084710493931285,0.50254,0.25598,1.14766,1.88615,0.27896,0.00222
LP_2238,167.7031,-56.8407,1.146,0.012,8.712,0.15,0.44,0.081,-0.105,0.05,133,187.0,288,57,-1.78523,0.55639,2.24481,0.32887,-0.14213,0.03558,1.35126,0.0678,2.205489312635185,0.3069858809166597,4.161387175074614,1.7376920855479332,17.141389531434573,3.960551856556268,30.05757751650816,12.49027873601859,0.4384615384615384,0.155282589356815,0.2846153846153846,0.1314924487901093,0.57248,0.24884,1.39612,3.76206,0.27034,0.01761
Loden_46,155.9499,-54.6193,1.093,0.006,8.915,0.062,0.483,0.135,-0.119,0.063,115,190.0,288,57,-1.22062,0.28075,2.1135,0.24812,-0.14511,0.02863,1.46389,0.04183,8.430128654381198,1.6612539196396987,0.0757115929973296,0.0447595235324004,129.6740015847669,40.42160213393996,6.34084427023389,2.1739761817022,0.6521739130434783,0.1597041185557468,0.4782608695652174,0.1654840152849679,0.64408,0.22643,1.39664,11.38536,0.37078,0.00061
Mamajek_4,276.3936,-50.8305,0.442,0.01,8.772,0.041,0.335,0.073,-0.006,0.056,358,566.0,506,101,-1.41258,0.48485,1.1877,0.28847,-0.2,0.05949,1.67714,0.06668,10.968064124242034,0.7870905907778136,0.1024089419682779,0.0220472219313304,345.42839066552506,50.705710790436925,1.7125449157080943,0.2988870770174513,0.5810055865921788,0.1281453541509566,0.4245810055865922,0.1045871095573854,0.65835,0.21797,1.13138,9.13369,0.15691,0.05908
NGC_1901,79.5948,-68.4091,0.416,0.0,8.887,0.116,0.208,0.089,0.03,0.018,108,146.0,197,39,-0.80074,0.35867,1.65434,0.43675,-0.2,0.06288,1.40025,0.0603,3.5755982051838013,0.397695122206515,0.7624618432436124,0.2544139513385167,35.43566608158845,6.874211076282367,21.75501561871231,7.181625804042601,0.3518518518518518,0.2416952706766682,0.2407407407407407,0.1392300782049332,0.64875,0.26747,1.51551,2.93523,0.28267,0.02428
NGC_2232,96.9381,-4.6682,0.314,0.006,7.451,0.036,0.236,0.034,-0.035,0.04,279,343.0,227,45,-1.76496,0.48133,0.25441,0.29416,-0.2,0.10138,1.32305,0.11374,2.7138597525178647,0.3228512005415221,4.096786292784793,1.4621083920351727,42.38145063244127,8.651159600592731,0.6665368770443582,0.146848101359256,0.2427536231884058,0.3225802318569093,0.1702898550724637,0.274117457604445,0.71038,0.24228,1.04506,3.35037,0.18942,0.15646
NGC_2264,100.2089,9.8836,0.692,0.006,6.744,0.076,0.328,0.11,-0.041,0.046,249,324.0,368,73,-1.26465,0.23219,0.8327,0.4325,-0.2,0.07851,1.45219,0.08087,0.889558129585921,0.1214637922180985,109.88373221804802,45.0118807564436,5.969724696400462,1.3585182771756097,0.9290641380704384,0.266709307466793,0.3556485355648535,0.2338023849088887,0.2719665271966527,0.1697930866912249,0.73448,0.22645,1.02838,0.73472,0.15353,0.3888
NGC_2281,102.0351,40.9961,0.508,0.001,8.736,0.043,0.341,0.057,-0.032,0.037,538,798.0,681,136,-1.98715,0.33661,1.42587,0.26174,-0.2,0.0317,1.69492,0.0496,2.9550288730187604,0.1723704377808212,7.382935871032699,1.2919669582425326,55.20986741775869,7.329897063317215,9.862415512109678,1.633400552960349,0.5028248587570622,0.1481704606434266,0.3728813559322034,0.1501601009394521,0.69466,0.2228,1.47316,4.70446,0.24677,2e-05
NGC_2287,101.5589,-20.6933,0.714,0.004,8.296,0.067,0.225,0.032,-0.078,0.025,765,1081.0,1126,225,-1.50378,0.15188,1.6018,0.12409,-0.13967,0.01868,1.94157,0.02992,3.693348923426723,0.184841673672804,5.122430420773839,0.7690894891429616,77.20589148954649,9.648532697575307,2.560646087973138,0.5083903771375207,0.4204993429697766,0.0328084596754818,0.2431011826544021,0.0268369117296615,0.53673,0.24101,1.16697,5.54911,0.16073,0.00019
NGC_2301,102.9472,0.4688,0.835,0.006,8.306,0.053,0.251,0.012,-0.031,0.018,607,791.0,725,145,-2.13273,0.30255,1.82028,0.17336,-0.13869,0.02247,1.77768,0.04693,2.469466209000188,0.1178545280369852,12.539453538229576,1.7953248842243692,40.58083996226655,4.990734784716256,4.985158465323389,0.863709988517412,0.3429541595925297,0.1496725213207268,0.1833616298811545,0.1437032965781707,0.53489,0.26972,1.16122,2.45576,0.15851,0.00254
NGC_2354,108.5228,-25.7374,1.262,0.022,9.204,0.02,0.488,0.052,-0.061,0.035,276,435.0,847,169,-1.29036,1.07501,1.70669,0.2082,0.04058,0.04965,1.92067,0.17773,3.02679205686983,0.2428178959020191,3.745009216882474,0.901305977838614,31.26489269567892,4.887050697947963,51.161475082744936,8.336954829445919,0.6051660516605166,0.1233330202619841,0.4391143911439114,0.1236312510532693,0.68133,0.26027,1.18291,4.2746,0.23315,0.00127
NGC_2360,109.4375,-15.6277,1.036,0.009,9.106,0.029,0.396,0.041,-0.083,0.027,822,1155.0,1327,265,-1.65164,0.38255,2.04031,0.2,-0.08012,0.02376,2.02276,0.04698,2.746082333187916,0.160300561335125,13.31535386203877,2.3318223266628237,48.19122829167104,6.399983835963013,26.4869532082865,3.9371923968974567,0.4102564102564102,0.0404480366253401,0.2637362637362637,0.0218921061798948,0.63684,0.26352,1.38018,3.5903,0.18698,0.0
NGC_2423,114.2671,-13.8403,0.901,0.009,9.048,0.021,0.353,0.042,-0.024,0.044,503,742.0,999,199,-1.41238,0.48727,1.61203,0.20693,-0.05095,0.03736,1.942,0.0748,4.253654557355653,0.2217660934490636,2.3015936101981875,0.3599836917351509,74.1352122945608,9.387933473937188,15.065219525411733,2.0420986096511973,0.4869739478957915,0.0755103119101522,0.2985971943887776,0.0727613973764288,0.58374,0.26585,1.44529,6.47062,0.19517,0.00012
NGC_2428,114.8221,-16.5504,1.299,0.013,8.888,0.023,0.272,0.022,-0.03,0.025,218,331.0,461,92,-1.5988,0.40184,1.91511,0.22021,-0.04722,0.02898,1.75318,0.06761,3.449774801012305,0.2393285916559087,1.924718177155414,0.4005827486518504,41.43155203484396,5.973290338265608,18.649568919017984,2.86441916874477,0.5395348837209303,0.0796401244317869,0.2930232558139535,0.0669725514582639,0.52811,0.24674,1.215,2.97624,0.24746,0.002
NGC_2448,116.0612,-24.8213,1.07,0.018,8.117,0.186,0.062,0.013,-0.059,0.044,222,353.0,450,90,-1.69311,0.25454,1.49172,0.19034,-0.10245,0.02879,1.61747,0.05071,4.711000156218828,0.468033663916078,0.8060217110893223,0.2402326143880851,70.44060304290062,12.641694587950411,1.858561492158259,0.8630462359222761,0.6192660550458715,0.1402224683815034,0.3211009174311927,0.0729270484646228,0.52989,0.22324,1.18667,5.10987,0.18557,0.04593
NGC_2451A,115.9537,-38.2344,0.192,0.001,7.716,0.041,0.073,0.037,0.045,0.037,419,519.0,342,68,-1.30467,0.33311,0.08628,0.21837,-0.2,0.11495,1.52452,0.08944,3.371044000158628,0.2252587840987991,3.234338609596946,0.6483717054959754,66.71481676160302,9.418359546944124,0.779431049614745,0.1323712324987439,0.2386634844868735,0.0926144306747793,0.1431980906921241,0.085700651489568,0.56248,0.22665,1.15167,3.58413,0.17618,0.07259
NGC_2451B,116.1018,-37.8642,0.354,0.004,7.631,0.026,0.463,0.053,-0.011,0.015,411,523.0,367,73,-1.70606,0.50683,0.33304,0.43466,-0.2,0.10903,1.51336,0.10745,3.3471705899167614,0.3678579719375148,3.3295039833678994,1.0977491734982512,64.11834697801194,12.344639828266953,0.6668339193120656,0.134448487186821,0.3009950248756219,0.0574074837242921,0.1840796019900497,0.0558580736991321,0.60024,0.25006,1.21463,4.21014,0.21119,0.00933
NGC_2482,118.7954,-24.26,1.208,0.035,8.827,0.048,0.096,0.022,-0.102,0.112,152,226.0,313,62,-0.87304,0.37367,1.74945,0.23552,-0.11233,0.04636,1.50582,0.06954,2.8883714482883884,0.3196018561485695,2.2390340590074227,0.7432556241989162,28.52985708925348,5.514278861374166,23.534252233561443,5.239905998102837,0.5066666666666667,0.1264612692533073,0.3,0.1140411804050936,0.54858,0.26293,1.21017,2.74282,0.15273,0.29287
NGC_2539,122.6456,-12.8636,1.239,0.009,8.89,0.019,0.135,0.011,-0.005,0.023,695,993.0,1152,230,-1.42431,0.30103,2.1311,0.21123,-0.12539,0.02532,1.90727,0.04348,3.850690957231891,0.2048313520753664,4.151878576771382,0.6625576385991058,75.7030173357962,9.674528242866032,10.253846464078045,1.3850572150084424,0.4412191582002903,0.0267238882502768,0.2467343976777939,0.0245696787546425,0.5673,0.27265,1.2801,5.53383,0.20396,0.0
NGC_2547,122.4891,-49.1475,0.384,0.004,7.551,0.095,0.352,0.132,-0.032,0.076,391,485.0,362,72,-1.54343,0.4094,0.38727,0.35876,-0.2,0.09329,1.51125,0.09175,1.6520006079074143,0.1345821430834135,25.68162622645472,6.276550284932791,21.055927672432148,3.3173920862581787,1.688984328316259,0.4553123719663645,0.2435897435897435,0.1813076953226332,0.1717948717948718,0.1265654049642453,0.66313,0.22961,1.35171,1.98494,0.28513,0.00019
NGC_2548,123.3641,-5.7408,0.747,0.004,8.714,0.032,0.127,0.016,-0.002,0.026,600,848.0,920,184,-1.3284,0.23545,1.68828,0.17444,-0.17089,0.02729,1.81951,0.03918,4.457080999758091,0.2341948450748363,2.286418170285072,0.3604157177277678,92.52710455216383,11.78116304102184,5.594110336163797,0.822946881439986,0.4372881355932203,0.0560354300356018,0.2457627118644068,0.0676484967748659,0.57673,0.26319,1.24953,5.90539,0.16562,0.00125
NGC_2571,124.7314,-29.7765,1.248,0.023,7.419,0.166,0.435,0.028,-0.038,0.043,212,296.0,345,69,-1.53248,0.1682,2.02277,0.27943,-0.14599,0.03041,1.50247,0.04147,2.1598015833486794,0.2301603853861603,7.013931758019516,2.242329919022079,21.7130071478951,4.094008892588714,1.2085928611868189,0.5151081451309419,0.4368932038834951,0.2054070093536859,0.2766990291262136,0.1881015721972764,0.67164,0.27233,1.43024,2.9008,0.18143,0.0625
NGC_2682,132.8347,11.8133,0.842,0.005,9.578,0.021,0.164,0.029,-0.045,0.041,994,1548.0,1843,368,-0.10267,0.41061,1.74518,0.1566,-0.15141,0.04361,2.13024,0.03106,2.6801558007441417,0.0949906298223656,19.195623561212223,2.041005643858082,50.43699915545318,5.704914695483749,75.03273213195834,9.229924303646149,0.5604838709677419,0.1240716951980617,0.375,0.1172762952292751,0.64461,0.26301,1.26323,2.78005,0.18717,0.0
NGC_2925,143.3434,-53.4141,0.738,0.005,8.32,0.194,0.26,0.074,0.008,0.05,134,191.0,219,43,-1.75871,0.49444,1.41957,0.2602,-0.09419,0.04834,1.49463,0.09644,1.50735406801841,0.1386848058970718,13.313704880758674,3.674800664955042,11.288919621533546,1.9119411039528151,18.50749408179611,8.841596470400415,0.4253731343283582,0.079610328257785,0.2835820895522388,0.0313179317053192,0.66531,0.27452,1.10692,1.43568,0.14486,0.48315
NGC_3228,155.4033,-51.7725,0.461,0.014,7.721,0.128,0.205,0.071,-0.001,0.067,170,255.0,228,45,-1.24632,0.37224,0.63886,0.42295,-0.2,0.10406,1.45837,0.08432,3.028234807288828,0.4338172436481116,2.19221391466601,0.9421530282180046,39.43243432199824,9.324303486062457,1.333971070858428,0.5040591995447136,0.5,0.1451849775979617,0.3352941176470588,0.1197545696223728,0.6618,0.2571,1.08348,5.323,0.14846,0.37657
NGC_3680,171.4281,-43.2623,1.013,0.009,9.302,0.041,0.31,0.102,-0.137,0.06,103,158.0,366,73,-0.78748,86031423.36732,1.30762,0.42774,0.09156,2975763.09887,1.72023,14111561.35806,2.1476322623824946,0.2719196787129552,3.807927922288641,1.4464075931353335,12.846976998742583,2.75582624195795,156.0267468028743,36.56747007259949,0.5339805825242718,0.1055811901360124,0.3980582524271844,0.0916930744829252,0.74223,0.24879,2.10403,3.14603,0.56288,0.0
NGC_5460,211.8213,-48.3071,0.707,0.003,8.249,0.16,0.475,0.073,-0.052,0.033,209,309.0,379,75,-1.23584,0.27117,1.47674,0.22142,-0.16025,0.04107,1.56072,0.05794,2.656283428568277,0.2279960952366321,3.935923343029688,1.0134933008769638,29.233107644725667,4.746791232822233,6.069110073592444,2.4434855105704827,0.4927536231884058,0.1349437186039444,0.2753623188405797,0.1673116761009443,0.5447,0.24035,1.3582,3.08845,0.27059,0.00113
NGC_6475,268.4215,-34.8721,0.273,0.0,8.667,0.0,0.204,0.0,0.114,0.0,595,808.0,791,158,-1.19323,0.27701,1.59289,0.27233,-0.2,0.03965,1.86536,0.0487,2.059268765536778,0.0971354859441653,22.089386524814948,3.1258619518814004,30.10928426423931,3.685280296656922,15.42764255523843,1.8882942096439248,0.4326241134751773,0.1066567612177163,0.25177304964539,0.0773141497883892,0.56471,0.24494,1.1541,1.48798,0.15288,0.00397
NGC_6811,294.3895,46.3864,1.107,0.007,9.003,0.012,0.255,0.042,-0.021,0.025,363,524.0,646,129,-1.36598,0.54,1.74331,0.24628,-0.06964,0.04257,1.80282,0.08242,3.113998656052116,0.2030924393980539,4.14273749721774,0.8105578296835899,43.4344490887918,6.071435724844335,23.182789006794188,3.303283531843872,0.4555555555555555,0.0893833866941265,0.2611111111111111,0.1271360360343172,0.60109,0.27798,1.60368,4.83898,0.27829,0.0
NGC_6991,313.7985,47.2687,0.551,0.01,9.157,0.013,0.32,0.052,0.07,0.032,332,525.0,672,134,-1.1596,0.32152,1.72594,0.18561,-0.12442,0.03019,1.79833,0.04235,4.105543903131935,0.4972739998326786,1.8111673982008043,0.6581197115803321,64.56802394356352,13.381258997597554,22.23220327461722,4.655277106025883,0.5813253012048193,0.1077657759418244,0.4246987951807229,0.1041502941942149,0.69392,0.24761,1.40022,9.33495,0.341,0.0
NGC_7063,321.1081,36.4906,0.656,0.003,8.187,0.169,0.325,0.039,0.002,0.025,79,120.0,131,26,-1.30406,0.61843,1.04337,0.29092,-0.09811,0.08865,1.348,0.13145,1.1158309054397966,0.1604782488100058,20.620418667045,8.896855234832202,6.541888685602891,1.553433747904341,23.512393961825392,10.718519699849582,0.5189873417721519,0.1077382504274173,0.2278481012658227,0.197720825803829,0.4118,0.30815,1.10641,1.08142,0.27471,0.08067
NGC_7092,322.8179,48.2639,0.327,0.023,8.565,0.142,0.047,0.004,0.179,0.132,282,389.0,331,66,-1.59382,0.53291,0.85021,0.57971,-0.2,0.09417,1.47435,0.10733,4.300182099660772,0.5283987930170746,1.1678859961821295,0.4305233149169634,77.41291678728956,16.22212663992863,4.744457588483327,1.8425364109152875,0.3794326241134751,0.1676503346550919,0.2588652482269503,0.1447298831620284,0.62459,0.23362,1.4196,5.28052,0.2891,0.00066
Pismis_4,128.8007,-44.4462,0.677,0.003,8.306,0.058,0.207,0.028,-0.051,0.025,137,190.0,235,47,-2.13578,0.62627,1.32249,0.29855,-0.05107,0.05031,1.54473,0.12028,3.552591906245111,0.4394567033965333,1.0116470642568445,0.3754231521027568,39.27189923900813,8.277802098444722,5.15131485331587,1.2854007496236246,0.4393939393939394,0.1235544259765317,0.2803030303030303,0.1041714010282734,0.5668,0.23702,1.19622,3.55058,0.22147,0.0753
Platais_8,137.2215,-58.3813,0.135,0.001,7.709,0.05,0.055,0.063,0.153,0.037,165,224.0,129,25,-1.32708,0.62807,0.05919,0.32097,-0.2,0.2023,1.18179,0.15563,3.8300396373081824,0.4698227054010303,0.951808553800406,0.3502689100768437,67.39066416813957,14.014359684896624,0.7592770331861728,0.1804794560823527,0.3575757575757576,0.2610424754608089,0.2545454545454545,0.1657605592106651,0.57851,0.19413,1.13915,2.29293,0.19504,0.36426
Platais_9,139.4009,-43.8957,0.187,0.002,7.836,0.071,0.253,0.092,-0.005,0.042,174,215.0,136,27,-1.46328,0.50445,0.13866,0.38546,-0.2,0.14972,1.20671,0.12744,4.213294443854034,0.7525109116567963,0.6862532571249977,0.3677025693515489,73.3539224755497,20.95754350424828,0.9344943028522418,0.3076089422799003,0.2356321839080459,0.318539821823638,0.1551724137931034,0.222922210201234,0.57759,0.23601,1.09105,4.27594,0.19061,0.40665
Pozzo_1,122.3438,-47.3146,0.343,0.008,7.105,0.074,0.269,0.059,-0.042,0.044,668,812.0,610,122,-1.1162,0.30115,0.01648,0.27706,-0.2,0.15483,1.64677,0.10563,3.887610563387861,0.4367686704099016,3.2992798861089176,1.1120111433513626,89.30011210166295,17.49920095361775,0.1426093485265566,0.0370326852802376,0.2303030303030303,0.2220234715263769,0.1606060606060606,0.166042870330534,0.69913,0.24298,1.15546,3.58429,0.07278,0.84385
RSG_5,303.5534,45.6018,0.329,0.01,7.758,0.03,0.069,0.006,0.077,0.054,309,432.0,259,51,-1.61568,0.67192,0.18933,0.38708,-0.2,0.1523,1.42434,0.14786,4.838231503196071,0.3198712905737345,0.9106158444497586,0.1806113650340748,113.6272001392327,15.878633453101424,0.5041011573672111,0.0785814031856859,0.4025974025974026,0.1170737798242558,0.3051948051948052,0.1276397896892687,0.67087,0.22177,1.11459,4.22408,0.145,0.38919
Roslund_5,302.636,33.7857,0.533,0.001,8.333,0.138,0.353,0.023,0.049,0.015,238,381.0,346,69,-1.88084,0.44239,1.08524,0.60818,-0.2,0.0673,1.44526,0.08117,3.743114674665154,0.4095008500230875,1.734350896194933,0.5692196696808353,60.47500133192252,11.61240180514909,3.559787825234821,1.3216403386627564,0.614406779661017,0.2261199403288734,0.4745762711864407,0.1978541673060784,0.76134,0.22519,1.11232,6.11676,0.23205,0.02506
Roslund_6,306.7021,39.6764,0.347,0.004,8.514,0.102,0.062,0.006,0.07,0.016,405,618.0,502,100,-1.32218,0.73903,0.33251,0.4107,-0.2,0.1642,1.64433,0.12844,6.1548638624633885,0.3295099136096129,0.6327680052495515,0.1016285666444894,156.6400473403215,20.040949104281395,2.084957440435264,0.55762489803454,0.5297029702970297,0.1181657872436909,0.4034653465346535,0.1088651260599113,0.69018,0.21408,1.05557,5.19139,0.10103,0.41106
Ruprecht_19,111.4636,-21.8184,1.371,0.023,7.931,0.125,0.344,0.031,-0.048,0.031,100,151.0,217,43,-1.81787,0.41848,1.17652,0.28774,-0.00649,0.05121,1.4571,0.11282,4.729682724470585,0.6056246786326166,0.3407158306197355,0.1308835671089668,52.68805575144241,11.386955418193192,1.6191527697323216,0.5827828092891494,0.5252525252525253,0.0998356283043746,0.2626262626262626,0.0318929587671677,0.50448,0.27573,1.08946,4.64126,0.20634,0.20165
Ruprecht_91,161.9483,-57.4822,1.022,0.004,8.052,0.116,0.316,0.04,0.014,0.033,253,367.0,477,95,-1.57912,0.28339,1.59868,0.24684,-0.0887,0.0351,1.67828,0.06169,3.27654009075879,0.3078692042309346,2.49075491673616,0.702106532722692,40.93700866045277,7.064583377562696,2.7534924828653624,0.8756082385050901,0.468,0.0891896970413207,0.248,0.0847662072953386,0.52741,0.29644,1.28586,3.48656,0.2197,0.00367
Stephenson_1,283.5556,36.9065,0.351,0.001,7.789,0.096,0.432,0.098,0.182,0.088,194,245.0,204,40,-1.79899,0.58165,0.65604,0.50985,-0.2,0.10287,1.28024,0.13758,1.4905924424631347,0.2843682252074481,17.660407899533904,10.107509016746388,13.95271774744496,4.220574299237578,4.4090110890584,1.6518395057516064,0.2628865979381443,0.2974119334275387,0.2216494845360824,0.1725431622687266,0.75699,0.21058,1.31425,1.86263,0.31748,0.00307
Stock_1,294.1005,25.2128,0.386,0.01,8.733,0.046,0.33,0.035,0.059,0.074,202,328.0,346,69,-1.25124,0.61875,0.90502,0.29941,-0.1185,0.0911,1.66187,0.11164,3.577142996849064,0.3235733940090158,1.7107097474447233,0.464230946008518,50.132327105579385,8.441360021194436,10.786539428076924,2.1457127461158247,0.6237623762376238,0.1597725744774645,0.4504950495049505,0.1495715956338663,0.6745,0.22037,1.15623,3.87321,0.16364,0.1435
Teutsch_35,294.2069,35.6896,0.491,0.0,8.0,0.0,0.031,0.0,-0.01,0.0,149,235.0,193,38,-1.77353,0.2708,1.05648,0.18234,-0.1318,0.03268,1.45281,0.04389,2.6926144293697747,0.4191535813969667,2.873801364161448,1.34207570256581,33.71205604563204,8.542839592172262,2.966297868769611,0.7516778816812785,0.6433566433566433,0.2021695281055046,0.4055944055944055,0.1147472067422075,0.60581,0.24389,1.13015,4.16828,0.17476,0.36403
Teutsch_38,131.5044,-38.0093,0.639,0.001,7.842,0.1,0.262,0.059,-0.004,0.065,180,319.0,296,59,-1.90142,0.38679,1.07083,0.44167,-0.2,0.05814,1.35238,0.09236,6.475093322181651,0.9097424782861612,0.2805200951735602,0.1182381630167515,129.11488420664486,30.099921023197744,0.5382991448735133,0.1763833859430205,0.8022598870056498,0.1567405080991508,0.6836158192090396,0.2350466078499276,0.75174,0.18719,1.10183,6.43608,0.07765,0.9721
UPK_12,288.795,-22.1446,0.638,0.001,8.393,0.124,0.362,0.053,0.039,0.039,69,96.0,109,21,-2.0024,0.38987,1.64796,0.35064,-0.14595,0.03555,1.17544,0.06361,1.9407551695552288,0.2904806970058362,3.135236949474033,1.4077908877662046,13.965552981087608,3.4118491453017787,17.698720189335756,6.650733827738552,0.4117647058823529,0.2841923314637131,0.2352941176470588,0.2601739232835658,0.54837,0.23572,1.17498,1.82052,0.30392,0.13706
UPK_16,287.2251,-19.1296,0.792,0.006,8.345,0.283,0.482,0.048,-0.104,0.083,64,105.0,129,25,-1.69372,0.2579,1.98808,0.24288,-0.16431,0.02505,1.1579,0.0445,4.36875143828746,0.799729947484922,0.300627483567617,0.1650957751034004,46.28446338762711,13.477169971619244,4.781506681996559,3.412703930836297,0.640625,0.1367433315890741,0.40625,0.1433537776478544,0.63118,0.25086,1.29528,3.55922,0.23913,0.37943
UPK_282,30.321,43.7907,0.765,0.003,8.406,0.092,0.312,0.032,-0.041,0.027,47,68.0,63,12,-1.75863,1.10217,0.88116,0.28592,-0.04558,0.11938,1.17013,0.25349,1.9990623137784795,0.3653569438557886,2.032082368047736,1.1141754789772282,15.022656249678668,4.359844420014729,16.953261861659925,6.09143039590362,0.4468085106382978,0.2378939831879745,0.1702127659574468,0.3020104961072334,0.37919,0.25491,1.34834,2.26739,0.2875,0.29419
UPK_296,42.6722,48.5797,0.525,0.004,8.428,0.088,0.355,0.051,0.052,0.085,73,114.0,124,24,-1.58386,0.37939,1.37472,0.37948,-0.2,0.05408,1.07783,0.08192,7.922578819224255,1.289342002929566,0.0547288769504834,0.0267201784048636,122.47478501793448,32.16145095768594,2.1875264565083463,0.7255693373255699,0.5616438356164384,0.1540753159103278,0.3698630136986301,0.1522731537686943,0.64834,0.25591,0.91363,7.15425,0.2582,0.43393
UPK_381,95.4379,29.135,0.692,0.004,8.604,0.038,0.314,0.023,0.002,0.041,73,111.0,143,28,-1.51596,0.56896,1.48946,0.31355,-0.07461,0.05521,1.35632,0.10371,7.075265866239807,1.43929969394026,0.0748179970806093,0.0456599888973109,94.37664628743752,30.24406967475913,4.257311810225042,1.414244333870582,0.6086956521739131,0.0552487262923567,0.4347826086956521,0.1285068127377836,0.60535,0.24236,1.05151,8.11553,0.28354,0.08772
UPK_394,78.8101,6.2891,0.778,0.005,8.492,0.177,0.337,0.053,-0.118,0.032,82,130.0,126,25,-1.82418,0.49961,1.61745,0.51134,-0.2,0.05098,1.1475,0.07675,2.06449700056644,0.3777087388293869,3.527052907010673,1.935869180133476,17.81768763676797,5.199425171692914,17.424031958680757,8.733903392492724,0.5853658536585366,0.0683007674773738,0.3658536585365853,0.090592783228074,0.65024,0.23337,1.20143,4.25703,0.2675,0.15129
UPK_418,112.4759,5.579,0.825,0.0,8.0,0.0,0.062,0.0,-0.068,0.0,63,93.0,131,26,-1.25039,0.50163,1.70616,0.58618,-0.19501,0.07129,1.21606,0.10038,5.691795122776187,1.2090515218840523,0.1204055654851141,0.0767296761669533,62.52610582122075,20.866588341795683,1.5993319700082933,0.5337386904512744,0.5,0.1889677345740337,0.2903225806451613,0.1827538696912634,0.57952,0.25807,1.14013,5.41331,0.2619,0.27893
UPK_429,108.9417,-0.9894,0.855,0.0,8.0,0.0,0.01,0.0,-0.068,0.0,230,325.0,362,72,-2.16935,0.46267,1.68829,0.2649,-0.16333,0.03408,1.47392,0.06407,6.725991223383046,1.093430221063212,0.2549915934357482,0.1243603381805211,125.44697159396912,33.036532631990035,0.7971495742732423,0.2099298021182441,0.6169154228855721,0.1553212292301676,0.4029850746268656,0.1289210860267321,0.60409,0.23537,1.20401,8.29198,0.24712,0.01286
UPK_431,108.2852,-2.7657,0.716,0.002,8.0,0.067,0.093,0.024,-0.06,0.044,169,248.0,258,51,-1.69131,0.23858,1.49985,0.25168,-0.16678,0.03182,1.47386,0.04806,8.946575570888175,1.1577707059411486,0.0826784959120379,0.0320981161405636,184.1811723611664,40.11982594843078,0.5429436609508977,0.1449255673687895,0.559748427672956,0.0779365285272259,0.3270440251572327,0.0868690856350514,0.56927,0.22507,1.23545,8.30688,0.19919,0.12045
UPK_433,103.4373,-5.8148,0.76,0.005,8.584,0.06,0.376,0.029,-0.055,0.042,111,158.0,209,41,-1.16264,0.30719,2.02082,0.31434,-0.19864,0.03748,1.38225,0.05214,4.8289308077409885,0.7328858760786119,0.3349774173977058,0.1525183696704791,57.31983623057646,14.20879453159066,6.694144134480189,1.8997031076270423,0.4766355140186916,0.070855231377537,0.2242990654205607,0.0565507538258929,0.47128,0.27009,1.15697,6.90223,0.29959,0.0133
UPK_436,100.1787,-8.1785,0.809,0.001,7.724,0.143,0.465,0.04,-0.003,0.039,199,325.0,328,65,-1.72111,0.23063,2.20284,0.42274,-0.2,0.02916,1.47017,0.0497,9.416353616362136,0.696376070186867,0.0929279749999169,0.020617158406759,218.3067878871358,32.470933638873056,0.2426234424581855,0.0876613229296281,0.6839378238341969,0.1295872840111026,0.5803108808290155,0.1803622576938591,0.77706,0.2121,1.1862,8.35333,0.19106,0.07332
UPK_467,121.1521,-11.5551,0.572,0.0,8.0,0.0,0.01,0.0,-0.045,0.0,165,240.0,227,45,-1.87511,0.45436,1.60719,0.26383,-0.19261,0.04001,1.38488,0.06465,6.61076853911884,0.611434106240883,0.198320120482309,0.0550282549899324,121.5634924676812,20.72727940947322,0.8226153919243965,0.1402606878827814,0.4723926380368098,0.1504455034521102,0.3006134969325153,0.1384046551594009,0.55987,0.21717,1.08538,5.90289,0.2093,0.14466
UPK_495,105.9609,-40.8364,0.611,0.018,8.987,0.086,0.257,0.109,-0.201,0.039,151,231.0,244,48,-1.73316,0.71409,1.18239,0.68747,-0.2,0.08237,1.40007,0.10417,13.334179120456575,1.5918547745010911,0.0232607929866354,0.0083307275325972,326.02091014937184,66.60863972451183,2.976833500651338,0.8469839234322618,0.6861313868613139,0.1755746333632126,0.5036496350364964,0.1757813693099344,0.7157,0.2075,1.04847,12.06463,0.32446,0.00813
UPK_502,124.3616,-37.8038,0.675,0.002,8.458,0.23,0.184,0.133,0.045,0.035,62,103.0,102,20,-1.53676,0.56953,2.54904,0.75872,-0.2,0.0488,1.16384,0.08567,1.6731042163633905,0.2412288589235888,5.250245778300261,2.2709478329818777,12.163729401978063,2.888333048666237,23.60115460606881,13.6979255091481,0.6612903225806451,0.1521635577811259,0.4032258064516129,0.1512577476211879,0.62608,0.24275,1.27015,2.15525,0.30227,0.11806
UPK_524,105.7287,-54.4752,0.545,0.028,8.642,0.205,0.285,0.096,-0.085,0.061,195,312.0,273,54,-1.66181,0.40941,1.09152,0.28434,-0.2,0.05045,1.45762,0.06255,12.361536895287166,0.9372291734224356,0.0394319792332358,0.0089689821620641,348.44660932640926,52.51648507178165,1.2585305353457723,0.6236111964357448,0.6335078534031413,0.1954531295994701,0.450261780104712,0.1792561639124159,0.64438,0.22854,0.95505,9.9669,0.06276,0.99607
UPK_533,123.3785,-52.2662,0.338,0.009,8.454,0.211,0.086,0.071,0.072,0.07,95,157.0,112,22,-2.64019,1.03876,0.39669,0.48,-0.2,0.09872,0.94028,0.16807,5.845468886978556,0.694746762776699,0.1876519074297157,0.0669085189245038,103.78384061905292,21.124331121610744,2.740755295314949,1.443717396465669,0.7252747252747253,0.1754873762426292,0.6373626373626373,0.2880392345086296,0.75294,0.17788,1.01813,5.19618,0.48889,0.15329
UPK_535,127.4275,-50.8584,0.321,0.011,7.723,0.076,0.25,0.092,0.056,0.057,226,331.0,209,41,-2.05443,0.6008,0.4252,0.33819,-0.2,0.08288,1.28051,0.10836,8.047784914035732,0.7125885837274876,0.1516038749498438,0.0402711522581934,219.2486586138228,36.20010530428594,0.2410255347130611,0.0579890677974522,0.4646017699115044,0.1775038401258297,0.3495575221238938,0.1488498131169503,0.65675,0.22449,1.09368,5.69262,0.25136,0.06686
UPK_552,158.6281,-47.4219,0.331,0.008,8.437,0.082,0.095,0.052,0.006,0.027,63,106.0,95,19,-1.27052,1.03343,0.29669,0.7322,-0.2,0.25537,1.07572,0.18547,3.439667162407251,0.6457574726725333,0.6218247371872478,0.3502210694568563,37.94228656909531,11.338511744087263,7.209024478073062,2.548293483356665,0.6825396825396826,0.1755307721331049,0.5714285714285714,0.2152723082453735,0.74118,0.21599,1.68991,5.22587,0.3875,0.04791
UPK_560,157.7701,-44.5686,0.592,0.026,8.726,0.103,0.2,0.093,-0.117,0.046,248,371.0,360,72,-2.27103,0.59345,1.19649,0.32297,-0.2,0.0512,1.33874,0.0871,14.26781029614146,1.2489710015687483,0.0304939245391658,0.0080081021578504,431.9187340520881,71.28805543365877,1.2319638332766196,0.3559698450961267,0.5991379310344828,0.1788351473171895,0.4310344827586206,0.1295920063356198,0.64853,0.22633,1.17845,11.16576,0.24665,0.02323
UPK_562,165.9847,-57.0247,0.846,0.088,8.367,0.163,0.309,0.12,-0.069,0.083,169,286.0,330,66,-1.84579,0.41233,1.53815,0.26253,-0.11159,0.03666,1.50588,0.0699,9.505193964635067,0.7818995184970535,0.0795050057061388,0.0196203020930532,199.4827199645804,31.68271715038092,1.1670641236886996,0.4756288346031468,0.7125748502994012,0.145033025899922,0.4730538922155688,0.1486367449115282,0.62418,0.23448,1.14812,7.72869,0.15812,0.29693
UPK_585,212.8376,-75.6927,0.703,0.001,8.451,0.098,0.446,0.134,-0.233,0.093,54,99.0,113,22,-2.36986,0.84929,1.79047,0.62552,-0.2,0.06208,1.0455,0.12148,4.167605666758597,1.2823504070945464,0.3265026614043216,0.3013894698163176,44.13894847341088,20.820170088117752,6.399971165188512,3.3464974039792064,0.8679245283018868,0.3260738797782409,0.6415094339622641,0.3079808290143259,0.64351,0.20394,1.50098,5.26787,0.40381,0.08084
UPK_605,234.5195,-65.9224,0.726,0.005,8.575,0.141,0.203,0.073,-0.141,0.054,75,125.0,127,25,-2.04549,0.5549,1.52319,0.31289,-0.2,0.04467,1.07618,0.07334,1.6490926816325704,0.3101076249332251,6.654052308371293,3.753832117224001,12.30495541236488,3.6761070701904144,30.543581158431163,13.475870876916172,0.6891891891891891,0.1123622953188295,0.5135135135135135,0.1793636147070005,0.63199,0.21359,1.529,2.58007,0.53947,0.00024
UPK_614,231.2906,-53.9334,0.885,0.004,8.473,0.161,0.491,0.106,-0.011,0.038,80,128.0,148,29,-2.34439,0.50665,2.43978,0.41735,-0.14417,0.02862,1.21572,0.06425,3.913473281758583,0.675025177185282,0.5098403938371494,0.2638232670121749,42.41329546584777,11.734046880791794,7.006449272801474,3.2409736199755166,0.620253164556962,0.0659888105398874,0.3544303797468354,0.105470335169128,0.58216,0.24886,1.55164,4.56699,0.28861,0.08152
UPK_640,250.3211,-39.5645,0.175,0.001,7.386,0.039,0.321,0.064,0.145,0.046,425,558.0,385,77,-1.31607,0.32307,0.42425,0.25229,-0.2,0.08734,1.57822,0.08381,2.2307855564024988,0.2252572835375346,11.999747782278703,3.635083498923216,35.90493155603094,6.5166852359513525,0.6774010988652838,0.1371730234232232,0.3129411764705882,0.098071071323944,0.2117647058823529,0.0594192405699492,0.60795,0.20488,1.00727,1.60044,0.10212,0.72362
UPK_654,277.2076,-34.4729,0.497,0.001,8.517,0.168,0.458,0.137,-0.048,0.058,90,134.0,105,21,-2.70575,0.60901,1.1211,0.43012,-0.2,0.04398,0.98768,0.08597,2.5642921850130125,0.2374505880240947,1.8972023881795204,0.5270364570467126,27.638536009506936,4.73036946325414,11.89830137033547,5.033044995507082,0.5056179775280899,0.1353697432984907,0.3595505617977528,0.1538673153295204,0.7714,0.20951,1.59738,2.53835,0.4036,0.03967
UPK_82,298.2139,26.4639,0.504,0.018,8.119,0.133,0.379,0.04,-0.051,0.065,156,252.0,212,42,-1.79713,0.58927,0.61435,0.52121,-0.2,0.09236,1.31195,0.10709,3.879684704375812,0.3774743190573029,1.0302025810019562,0.3007009956114622,58.75386953919861,10.363268050675815,2.238533125575268,0.7911140260991513,0.6153846153846154,0.1819505507505325,0.4935897435897436,0.1785169125838949,0.76025,0.2261,1.11214,3.39149,0.13651,0.70353
UPK_84,310.236,20.1862,0.896,0.006,9.056,0.04,0.231,0.035,-0.011,0.044,124,187.0,242,48,-1.50344,0.92356,1.45362,0.31926,-0.0126,0.06268,1.64654,0.14739,4.5937384719726975,0.4977147164112485,0.4605260458890635,0.1496889244314589,56.21167783297662,10.70208660189216,20.23827307207754,4.28033582230471,0.5327868852459017,0.0691947085789539,0.3114754098360656,0.0489205769770485,0.63636,0.2761,1.32989,4.67422,0.32136,0.00241
UPK_93,300.1772,30.0312,0.637,0.04,8.766,0.092,0.41,0.097,-0.228,0.043,98,175.0,166,33,-2.56276,1.74507,0.76087,0.50973,-0.02141,0.10995,1.58848,0.27859,4.006031829778211,0.7599834545128878,0.6498397190396565,0.3698428686095475,52.5322687320233,15.834531236396714,11.106413607415377,4.091808464998217,0.8041237113402062,0.3872308428484869,0.5463917525773195,0.291372993000496,0.62499,0.22171,1.18673,4.05038,0.29273,0.04022
