pmRApmDEcor,PlxpmRAcor,PlxpmDEcor,Nper,RA_ICRS,e_RA_ICRS,DE_ICRS,e_DE_ICRS,Source,Plx,e_Plx,pmRA,e_pmRA,pmDE,e_pmDE,RUWE,Gmag,e_Gmag,BPmag,e_BPmag,RPmag,e_RPmag,BPRP,RVDR2,e_RVDR2,EBPRP,RFG,RFBP,RFRP,Pmemb,mass,er_mass,comp_mass,er_comp_mass,q,er_q,r/rh
0.3342,-0.13,-0.0408,17,282.10188858686,0.0317,8.72248158413,0.0335,4287125926993921664,0.5041,0.0393,-0.17,0.041,-1.643,0.044,1.02,16.137178,0.002791,16.861786,0.004287,15.295481,0.003074,1.566305,,,1.286,2429.188,333.579,841.08,0.99,1.7566816583107778,0.0012306571829266,0.0,0.0888275345707626,0.0,,0.05430173374535369
0.4488,-0.1156,-0.0428,18,282.09545662653,0.1532,8.72332864795,0.1668,4287125922668855936,0.5376,0.1823,-0.061,0.199,-1.771,0.217,1.007,18.81221,0.003391,19.973104,0.03595,17.787554,0.012706,2.185551,,,1.331,549.329,30.293,87.587,0.94,0.947542827713191,0.0398471441293774,0.6249723030031147,0.2642262981259087,0.659571562070106,0.2802302791823012,0.06018604354281529
0.3136,-0.185,0.0481,17,282.10759417044,0.054,8.71685528098,0.0571,4287125858274129792,0.4719,0.0669,-0.041,0.068,-1.471,0.072,1.103,16.912977,0.002969,,,,,,,,,982.352,,,1.0,1.1784027450136405,0.811212509578476,0.4179100566675922,0.6143297559299694,0.3546411092777579,0.5756567550299384,0.08279532278670743
0.3454,-0.1057,0.0874,17,282.08766140904,0.0187,8.71414042143,0.0202,4287124449524866048,0.3746,0.0241,0.004,0.024,-1.667,0.028,1.036,14.978066,0.002775,16.335102,0.004003,13.848608,0.002866,2.486494,,,1.399,3267.736,378.188,1660.546,0.92,1.980198199660704,0.0544133671498572,1.7118399170236092,0.0920381284790638,0.8644790795774501,0.0521978102367419,0.10527259390033927
0.2886,-0.1825,0.0326,18,282.09809733911,0.0281,8.729545787,0.0286,4287125926993621248,0.4878,0.035,0.092,0.035,-1.417,0.037,0.978,15.804978,0.002788,16.515331,0.004477,14.968268,0.003052,1.547063,,,1.287,2550.937,310.052,877.848,0.99,1.8674817385393712,0.0136458580561224,0.9737760741235856,0.166967749934969,0.5214380703316612,0.0894891197874898,0.12258924712116104
0.4044,-0.0818,0.0232,17,282.08619132735,0.0186,8.71370154229,0.0203,4287124449524866560,0.4732,0.0231,-0.031,0.024,-1.476,0.028,0.977,15.03341,0.002775,15.787262,0.003368,14.16541,0.003027,1.621852,,,1.298,3280.98,575.571,925.041,1.0,2.045264236185069,0.0550831547758438,1.67544348241831,0.1086901078019047,0.8191819192729017,0.0575399862419054,0.1235326778990918
0.3122,-0.1359,-0.0206,18,282.11234794861,0.0213,8.70944739414,0.0222,4287125652115689344,0.416,0.026,-0.034,0.027,-1.217,0.028,1.057,15.228321,0.002776,15.901281,0.003329,14.421016,0.002963,1.480266,,,1.276,3232.374,597.816,1089.153,0.96,2.12409471503323,0.012276928342824,0.648851824348538,0.4968416014239172,0.3054721711589905,0.2339141242443724,0.14950237791155457
0.2944,-0.1324,-0.0047,18,282.11521725732,0.0117,8.71710270041,0.0122,4287125858274124928,0.4789,0.0146,-0.019,0.015,-1.322,0.016,1.018,13.724481,0.002775,14.737744,0.003004,12.73336,0.002819,2.004384,,,1.334,3314.384,976.02,2703.084,1.0,2.554387825107866,0.0134868166539993,1.2923696813387275,0.915615535955178,0.5059410590027196,0.3584580823865426,0.15141393305007306
0.3252,-0.0802,-0.0396,18,282.11064602919,0.0173,8.70492026963,0.0183,4287125652115687040,0.4198,0.0218,-0.34,0.022,-1.428,0.023,1.157,14.461017,0.002772,15.101331,0.003002,13.671138,0.002847,1.430193,,,1.273,3524.841,980.463,1921.28,0.93,2.196779221718772,0.0336355496544894,2.073742607304527,0.0514489325380323,0.9439922714136104,0.0275211745552323,0.1578519439736321
0.2349,-0.2404,0.0654,17,282.11464207022,0.0243,8.72319889589,0.0245,4287125892633869568,0.4874,0.0305,-0.06,0.03,-1.586,0.031,0.917,15.406222,0.002776,16.155579,0.003431,14.549881,0.002906,1.605698,,,1.29,3181.675,543.682,1335.715,1.0,1.8221471655206032,0.0447927537470256,1.6508216846925712,0.0621192472848163,0.9059760462437276,0.0407211583767558,0.1930808270508953
0.2756,-0.0296,-0.0407,18,282.09954690979,0.0234,8.69964466544,0.0242,4287124174646939776,0.4439,0.0288,-0.086,0.03,-1.493,0.031,1.114,15.268953,0.002774,15.991739,0.003637,14.426437,0.002924,1.565302,,,1.287,3394.57,465.288,1241.295,1.0,1.898969253469152,0.0512870540371928,1.6792183883411107,0.0803557524238952,0.8842788714316531,0.0485898122125102,0.2060040584719477
0.312,-0.1306,-0.0127,18,282.08889889546,0.0116,8.73166729557,0.0121,4287126682907872896,0.4574,0.0145,-0.094,0.015,-1.508,0.016,0.97,13.713572,0.002775,14.822433,0.002993,12.67959,0.002831,2.142842,24.53,1.27,1.352,3306.0,1002.273,2268.07,1.0,2.586636086974904,0.0097857631200647,1.811906706995332,0.0584764502892368,0.7004876782316813,0.0227619383814896,0.21791022951567451
0.282,-0.1865,0.0359,18,282.08101128416,0.0231,8.72400959336,0.024,4287125205439120640,0.4826,0.0286,0.069,0.029,-1.615,0.03,1.055,15.401786,0.002782,16.068079,0.00348,14.596869,0.002949,1.47121,,,1.276,2850.233,522.012,1137.557,0.98,2.066985480042625,0.0011806560074567,0.0,0.0962096575268167,0.0,,0.22493988859843847
0.3621,-0.1133,-0.0269,18,282.08451216013,0.0517,8.72979523312,0.0554,4287126682907874048,0.454,0.0645,0.027,0.066,-1.404,0.07,1.006,17.0317,0.00284,17.898407,0.007569,16.127249,0.004018,1.771158,,,1.295,1575.124,154.302,375.599,1.0,1.4247321575919143,0.004468240562985,0.1208893646913051,0.2539423360992671,0.084850590370356,0.1782388484504436,0.2412759620710061
0.3146,-0.1266,-0.0116,18,282.10653716645,0.0116,8.73617097173,0.0122,4287125961353359360,0.4559,0.0147,-0.036,0.015,-1.487,0.016,0.981,13.828302,0.002772,14.461772,0.003005,13.046564,0.002888,1.415208,,,1.269,3595.81,972.393,1456.479,1.0,2.415821377302394,0.0490362309769539,2.2304081972235816,0.2659518283546758,0.9232504597314838,0.1116712015516764,0.2519814996863722
0.3199,-0.1799,0.0223,18,282.1208557794,0.052,8.71750712232,0.0537,4287125686475428992,0.3897,0.0649,-0.174,0.065,-1.496,0.069,0.994,17.01119,0.002852,17.837553,0.007874,16.11924,0.004258,1.718313,,,1.296,1476.29,147.447,337.562,0.99,1.4333693002892849,0.0016160591251357,0.0,0.0439507195258995,0.0,,0.2533129167854083
0.3373,-0.0914,-0.0433,18,282.08175145261,0.0479,8.70262214778,0.0503,4287124346445646592,0.525,0.0579,-0.123,0.063,-1.476,0.065,1.009,16.899897,0.002839,17.735909,0.006683,16.000559,0.003682,1.73535,,,1.299,1587.884,178.799,452.012,1.0,1.468989488498622,0.0029776728769724,0.0,0.1444767421498156,0.0,,0.2585776266695591
0.2697,-0.1778,0.0368,18,282.07668116774,0.0117,8.72784919428,0.0121,4287125205439130624,0.4803,0.0149,-0.11,0.015,-1.535,0.016,1.032,13.731782,0.00277,14.848866,0.002977,12.694538,0.002822,2.154327,,,1.353,3860.36,1044.887,2565.974,1.0,2.5857048797621065,0.0090463087345688,1.7634437812742902,0.0647832370614741,0.6819973134120909,0.0251677404967982,0.2662424961112565
0.2566,-0.1829,0.0047,18,282.12378979244,0.0136,8.71315361522,0.0139,4287125686475423360,0.4517,0.0176,-0.027,0.016,-1.505,0.017,1.116,13.841922,0.002769,14.503898,0.00294,13.039408,0.002864,1.46449,,,1.276,3886.116,1172.725,1675.511,1.0,2.413206215208623,0.0441109428453172,2.240761132778937,0.2329070869605008,0.9285410913734208,0.0979945902713402,0.2666462864113407
0.3965,-0.1095,-0.056,18,282.07267749785,0.048,8.71434432435,0.0518,4287124415165136512,0.4823,0.0581,-0.234,0.061,-1.546,0.066,1.027,16.921736,0.002838,17.774572,0.006201,16.004379,0.003547,1.770193,,,1.31,1592.365,196.065,495.607,1.0,1.4439926193434351,0.0152950107603046,0.6217047401610021,0.3488404455013619,0.4305456494948591,0.2416235311863159,0.2782588499336651
0.4142,-0.1091,-0.0597,18,282.09881516258,0.0802,8.69031698863,0.0869,4287124135962310528,0.3479,0.097,-0.059,0.103,-1.445,0.112,1.041,17.830175,0.002961,18.828642,0.012808,16.863743,0.00556,1.964899,,,1.314,1001.401,86.859,225.747,0.99,1.1444710943230112,0.0383480381606745,0.8392250328922327,0.1848742572663514,0.7332863512718593,0.1633947922160865,0.28328840499857666
0.4067,-0.0851,-0.0872,18,282.06943135361,0.0736,8.71376162878,0.0794,4287125171079381504,0.4607,0.0888,-0.053,0.095,-1.619,0.102,1.094,17.48048,0.003002,18.409178,0.011976,16.50596,0.005157,1.903217,,,1.341,910.206,93.227,250.363,0.99,1.2285400641918494,0.0395260951614429,0.9258983074238276,0.1158395433527361,0.7536573974353017,0.0973582380099478,0.2958306248779629
0.3507,-0.1205,0.0377,17,282.12473220611,0.0165,8.70299177041,0.0174,4287125652115676160,0.4681,0.0202,-0.185,0.018,-1.711,0.019,1.063,14.242435,0.002772,14.901071,0.00317,13.444777,0.002849,1.456293,,,1.273,3560.264,721.399,1892.191,0.99,2.2920315735241026,0.036885332215129,2.1265690751608024,0.0681834943349562,0.9278096775478124,0.0332849074553616,0.3137422278649285
0.4655,-0.1123,-0.0769,18,282.10340241239,0.0459,8.68798325403,0.0496,4287124140287189888,0.531,0.0515,-0.139,0.057,-1.484,0.061,0.975,16.635166,0.00283,17.485579,0.008574,15.730381,0.00332,1.755198,,,1.3,1682.297,133.913,603.49,1.0,1.4912599337278842,0.0180652645820174,1.0359669604262007,0.0567130101332991,0.6946924120977809,0.0389502613091582,0.317734422367964
0.2718,-0.196,0.0202,18,282.07395760737,0.0203,8.73396881031,0.0211,4287125205439138176,0.5233,0.0255,-0.205,0.026,-1.463,0.027,1.049,15.103226,0.002776,15.750955,0.003382,14.310098,0.003189,1.440857,,,1.273,3176.142,568.174,702.936,1.0,2.185583019907453,0.0009285340245343,0.0,0.0381590258102327,0.0,,0.3231223799333304
0.3363,-0.162,-0.0224,18,282.12909609014,0.0246,8.71446602711,0.0254,4287125686475420672,0.4642,0.0303,-0.255,0.029,-1.394,0.03,0.953,15.372037,0.00278,16.085052,0.003505,14.537647,0.002976,1.547405,,,1.284,2958.3,511.719,1049.859,0.99,1.922392896299524,0.0523853996426937,1.5217209579969804,0.0959855620348875,0.7915764570947957,0.0543904236942459,0.3275865798221206
0.3377,-0.0956,-0.0093,18,282.08994275896,0.02,8.74641817157,0.0211,4287126717267625472,0.4621,0.0246,-0.161,0.025,-1.472,0.027,1.109,15.021322,0.002783,15.722754,0.003487,14.192135,0.003123,1.53062,,,1.284,2792.166,519.194,773.633,1.0,2.0622753887491045,0.0514491362148751,1.662675847922523,0.1134040557916271,0.8062336664605385,0.0585528547958275,0.3294179590922413
0.4312,-0.0947,-0.0165,18,282.13085085143,0.1232,8.71554485334,0.1346,4287125682151321856,0.4026,0.1456,-0.137,0.151,-1.438,0.164,0.978,18.428362,0.003234,19.293974,0.021722,17.518833,0.008756,1.775141,,,1.3,641.207,50.4,130.814,0.99,1.076178947292097,0.0050315577906013,0.0,0.1018265666050387,0.0,,0.333946485292559
0.3505,-0.1493,-0.0282,18,282.12733145765,0.0268,8.70154506621,0.0285,4287125583396197632,0.4793,0.0331,-0.098,0.033,-1.674,0.035,1.046,15.587212,0.002795,16.319811,0.003463,14.740167,0.003135,1.579644,,,1.288,2323.278,529.253,760.102,0.99,1.852844892587005,0.0333264357961009,1.413075714121906,0.0625443457540505,0.7626519196374404,0.0364366292072602,0.33412358108245505
0.2499,0.0138,-0.1828,17,282.097301164,0.0204,8.68434202033,0.0212,4287124140287190528,0.4339,0.0239,0.203,0.027,-1.646,0.028,1.014,14.928386,0.002777,15.678264,0.003258,14.07202,0.002964,1.606244,,,1.29,3129.877,645.195,1085.739,0.6,2.1234810515900717,0.0438919649061363,1.6272451503256782,0.1098050941094219,0.7663101816270931,0.0540814956767697,0.34426613700469216
0.3749,-0.1189,-0.0491,18,282.12554015732,0.0169,8.69758174801,0.0182,4287125583396195328,0.4575,0.0211,0.06,0.021,-1.431,0.022,1.081,14.508785,0.002771,15.132985,0.003147,13.733081,0.002884,1.399904,,,1.268,3638.414,746.153,1488.31,1.0,2.1754755985226533,0.029848378852353,2.061774826638361,0.0458606924993409,0.947735211573274,0.0247686190323231,0.3578866794501944
0.4259,-0.0223,-0.0087,17,282.13170647901,0.0675,8.71021618649,0.0714,4287125686475415936,0.4654,0.074,0.344,0.077,-1.344,0.082,1.068,16.977743,0.002867,17.829916,0.007873,16.071888,0.004387,1.758028,,,1.3,1371.858,147.486,320.706,0.65,1.4432809594735037,0.0048841323863483,0.0,0.2064786468040496,0.0,,0.36324265000642647
0.3473,-0.0717,-0.084,18,282.1304242438,0.0271,8.73063188757,0.0289,4287125995713079808,0.4698,0.0338,-0.034,0.034,-1.366,0.036,1.065,15.743846,0.002786,16.486671,0.004049,14.886642,0.002947,1.60003,,,1.293,2649.26,369.989,1143.422,1.0,1.7997248365321703,0.0226425348276883,1.342413638818416,0.0487455909950588,0.7458993794879599,0.0286646565243211,0.3632984462419087
0.3988,-0.0423,0.0003,17,282.09914800629,0.025,8.75119695645,0.0271,4287126820346838272,0.4986,0.0313,-0.02,0.033,-1.458,0.037,0.885,15.648699,0.002786,16.353153,0.003657,14.81409,0.002961,1.539063,,,1.287,2627.762,459.15,1096.635,1.0,1.9195034172797103,0.0149050078701029,1.113142997191638,0.0771388429026066,0.5799119642981239,0.0404383754772057,0.36742048761745366
0.4469,-0.0534,-0.0203,18,282.122357338,0.0251,8.69204939928,0.0271,4287124105927443072,0.4434,0.0313,0.048,0.032,-1.446,0.034,0.995,15.52344,0.002781,16.157415,0.00377,14.746282,0.002944,1.411134,,,1.266,2866.999,428.3,1154.619,1.0,2.0173279972933984,0.002007197168298,0.0,0.0,0.0,,0.3743253531892924
0.4131,-0.1243,-0.1207,18,282.06389905209,0.128,8.71120835182,0.1401,4287125166754556544,0.2626,0.1531,0.248,0.159,-1.675,0.164,1.015,18.556143,0.003297,19.675627,0.027452,17.528606,0.011395,2.14702,,,1.343,599.416,39.756,98.276,0.59,0.9796526443113432,0.0366757702114812,0.7697342677099236,0.1490895568118141,0.7857216250878556,0.1550028773173886,0.37484056712355357
0.392,-0.0517,0.0189,17,282.10922026826,0.0333,8.68364810324,0.0366,4287124071567706368,0.4562,0.0398,-0.189,0.038,-1.342,0.041,1.093,15.841188,0.002792,16.595076,0.00474,14.965711,0.003051,1.629365,,,1.305,2422.101,283.363,879.52,0.99,1.7295111504873193,0.0286138797714581,1.3758477841048944,0.0503717614570803,0.7955125260205612,0.0319605739060064,0.37705145323138073
0.3024,-0.0986,0.017,18,282.10211871487,0.0175,8.75283889324,0.0183,4287126820346837120,0.4315,0.0216,0.009,0.023,-1.582,0.025,1.039,14.680854,0.00277,15.340321,0.00318,13.880894,0.002964,1.459427,,,1.274,3814.424,711.746,1084.716,1.0,2.32897170104946,0.0334086808289872,0.0,0.2904902950237726,0.0,,0.39921253881297125
0.4208,-0.077,-0.0107,17,282.1298756284,0.0434,8.69763487853,0.0458,4287125579071355520,0.4614,0.0523,-0.013,0.056,-1.351,0.06,1.045,16.521753,0.002829,17.269182,0.007041,15.628453,0.003896,1.640729,,,1.323,1697.033,167.964,399.246,1.0,1.6073454451238027,0.0011591906274993,0.0,0.0585287523586486,0.0,,0.40540177286772466
0.3372,-0.0412,-0.1051,18,282.06780632439,0.0659,8.6961352098,0.0711,4287124312085911680,0.5201,0.0808,0.063,0.086,-1.38,0.092,0.952,17.454081,0.002901,18.378851,0.012955,16.477978,0.004181,1.900873,,,1.344,1195.454,85.825,348.612,0.99,1.233455669952987,0.0399091788882229,0.9382913197796432,0.0958226394933515,0.760701290396116,0.0814920967287127,0.4123182250381678
0.4642,-0.0716,0.0255,17,282.13731373545,0.0235,8.7185356054,0.0256,4287125789555636480,0.4813,0.0274,-0.046,0.026,-1.554,0.029,0.966,11.896974,0.00277,13.000017,0.002849,10.862733,0.002803,2.137284,25.13,0.34,1.354,3845.594,1878.729,4018.478,1.0,2.7355563997668724,0.0346298413324098,1.9808107355515567,0.8766634569859645,0.7240979333200238,0.3206009579130714,0.4155534946324423
0.386,-0.1102,-0.0551,18,282.12374624657,0.0501,8.68777174295,0.0535,4287124101602551168,0.461,0.0616,0.089,0.061,-1.661,0.067,1.009,16.940628,0.002841,17.795546,0.010005,16.046555,0.003829,1.748991,,,1.289,1568.754,113.005,414.018,0.94,1.4532254904483792,0.0044633868149834,0.0,0.2156541602104879,0.0,,0.4165755095223934
0.2714,-0.0729,-0.0534,18,282.07775290275,0.0118,8.68448354939,0.0124,4287124243366419072,0.4732,0.0148,0.057,0.015,-1.758,0.016,1.063,12.879929,0.002768,13.779655,0.003057,11.933875,0.002804,1.84578,26.07,1.29,1.323,4064.632,868.562,3837.826,0.81,2.705981823083615,0.0328479336411376,2.5182062137056374,0.0240547956823634,0.9306072170270542,0.014374883324797,0.41985695349034324
0.2969,-0.1147,-0.0705,18,282.05991146017,0.0212,8.71216610999,0.0225,4287125171079389824,0.4518,0.0271,-0.041,0.027,-1.529,0.027,1.12,15.160725,0.002776,15.879851,0.00338,14.314533,0.002912,1.565318,,,1.292,3181.231,569.249,1302.336,1.0,1.95825801336764,0.053806674726265,1.7008678358166418,0.0912704762971656,0.8685616625623498,0.0523627499045851,0.42003037887574324
0.3648,-0.0664,0.0146,17,282.10434042279,0.0156,8.67875180111,0.0171,4287124071567705344,0.48,0.0193,-0.108,0.018,-1.43,0.019,0.967,14.219558,0.002773,14.89188,0.003082,13.408112,0.002841,1.483768,,,1.279,3495.315,829.175,2038.251,1.0,2.374958321776857,0.0198949970611281,1.9471172206247245,0.0723693722709605,0.819853217115811,0.031236223547154,0.42458319656369864
0.3705,-0.1511,-0.0179,18,282.12985381931,0.0558,8.69327235615,0.0606,4287125583396189312,0.3858,0.0697,-0.131,0.069,-1.549,0.075,0.993,17.13619,0.002852,18.005478,0.007798,16.237097,0.005663,1.768381,,,1.289,1475.929,149.111,220.34,0.99,1.3943953221584653,0.0018897204685673,0.0,0.098468088210388,0.0,,0.4320239793661346
0.3093,-0.0664,-0.1076,18,282.06509067114,0.063,8.69682716256,0.0675,4287124312085913600,0.3149,0.077,0.0,0.082,-1.284,0.086,1.117,17.161421,0.002957,18.102655,0.009702,16.092438,0.004235,2.010218,,,1.431,1011.294,116.85,340.788,0.97,1.248139376346615,0.0302204224109827,1.138709069976363,0.04426985775622,0.912325251134563,0.0417848798586436,0.4365083943146591
0.314,-0.0666,-0.033,18,282.10285128705,0.0165,8.7556762684,0.0172,4287126820346839296,0.4792,0.0204,-0.144,0.022,-1.513,0.022,1.004,14.670141,0.002769,15.311353,0.003013,13.878232,0.002896,1.433121,,,1.275,3879.185,955.281,1397.457,1.0,2.3344838389175293,0.0301857636006626,0.0,0.2518872948311646,0.0,,0.44185576863667714
0.4087,-0.1055,-0.0505,18,282.13027573842,0.0192,8.68980922103,0.0207,4287125583396186624,0.4925,0.0242,-0.099,0.024,-1.509,0.026,0.968,14.904192,0.002774,15.475885,0.003553,14.154602,0.002886,1.321283,,,1.268,3376.86,493.537,1468.922,1.0,2.2620638360858942,0.0018540270415101,0.0,0.0,0.0,,0.44338979241010446
0.3514,-0.0901,-0.0866,18,282.0828361682,0.0274,8.7556637432,0.0293,4287126785987112832,0.4666,0.0341,-0.113,0.035,-1.463,0.037,0.984,15.813351,0.002785,16.533321,0.00376,14.980101,0.003042,1.553221,,,1.28,2695.94,430.847,896.246,1.0,1.855513805704226,0.0154551917126405,1.0217164904383385,0.1372745514663247,0.5506380428414893,0.0741239918625136,0.44919670076094115
0.3097,-0.0752,-0.0573,17,282.09455512939,0.0475,8.75915762015,0.0496,4287126889066324096,0.4745,0.0582,-0.164,0.061,-1.564,0.063,1.067,16.669861,0.002825,17.575266,0.005688,15.722943,0.003496,1.852323,,,1.322,1735.766,219.069,515.609,1.0,1.3738443291987752,0.0325820084118828,1.242748817107857,0.0459910037710625,0.9045776080268328,0.0397602706495819,0.4726849153319125
0.4436,-0.2703,-0.1774,16,282.06912472882,0.016,8.74773600901,0.0173,4287126751627376768,0.4812,0.0191,-0.048,0.021,-1.451,0.021,0.958,14.39355,0.002771,15.115464,0.003208,13.551023,0.002866,1.564442,,,1.288,3675.035,685.576,1652.528,1.0,2.401791841982882,0.0111107012279132,1.216733497537061,0.3465143995226946,0.5065940670914032,0.1442923173968652,0.4731768218928059
0.3684,-0.0869,0.0278,17,282.12294528009,0.0355,8.68168277032,0.0391,4287121150989935488,0.4672,0.0456,-0.026,0.046,-1.446,0.049,1.016,16.275719,0.0028,17.044392,0.00524,15.411792,0.003306,1.6326,,,1.29,2171.346,244.801,612.539,1.0,1.6676002833823496,0.0139957511686918,0.8754685919113825,0.2241858123942345,0.5249870731226387,0.1345083646565153,0.4764432096299621
0.4016,-0.1096,-0.0279,18,282.114993937,0.023,8.67725621782,0.0246,4287124071567697920,0.4693,0.0281,-0.122,0.029,-1.441,0.031,1.009,15.346264,0.002777,16.03635,0.003689,14.524363,0.00298,1.511988,,,1.281,3158.347,449.899,1036.716,1.0,2.0350024683951107,0.0216592711209129,1.2316303443311851,0.0984451021546752,0.6052230223103863,0.0488029022774758,0.478220864887743
0.3422,-0.1843,-0.1452,17,282.05515400661,0.0266,8.71460175032,0.0288,4287125171079395328,0.506,0.0334,-0.261,0.033,-1.656,0.033,0.969,15.700649,0.00279,16.415026,0.003739,14.86431,0.003199,1.550715,,,1.285,2489.951,436.264,693.459,0.99,1.88977570439902,0.0174677719600945,1.1331308068120256,0.0819665853263958,0.5996112682443339,0.0437263866529771,0.48031869528697
0.4542,-0.1672,-0.1103,18,282.06188995021,0.1103,8.74139861329,0.1191,4287125269840730496,0.4511,0.1277,0.069,0.143,-1.374,0.144,1.028,18.323643,0.003109,19.149103,0.036167,17.257832,0.010244,1.891272,,,1.462,754.096,30.11,110.152,0.99,1.1109489835478237,0.0041190636442317,0.0,0.150151968125118,0.0,,0.48035779750232777
0.4324,-0.1803,-0.1335,18,282.08195601461,0.0382,8.75920999115,0.0415,4287126785987116544,0.4458,0.0484,-0.126,0.051,-1.506,0.055,1.085,16.217627,0.002828,16.96059,0.004784,15.328649,0.003237,1.631942,,,1.32,1703.6,279.361,661.778,1.0,1.6867303268204068,0.0144118902109414,0.9826411282672132,0.1212900710307109,0.5825715662085437,0.0720804712304048,0.4892584366862836
0.3029,-0.0733,-0.0717,18,282.12728809395,0.0119,8.75395954436,0.0126,4287126098792313728,0.4845,0.0154,-0.102,0.015,-1.511,0.016,1.005,13.862337,0.002766,15.111574,0.003038,12.770933,0.002814,2.340641,,,1.38,4439.681,902.866,2975.352,1.0,2.560079517648453,0.0096081465286288,0.0,0.1304322982928387,0.0,,0.4960619419812366
0.4265,-0.0732,-0.0111,17,282.1071140284,0.0849,8.76317701361,0.0948,4287126923426058112,0.3453,0.1068,-0.214,0.109,-1.42,0.121,1.043,17.911673,0.003086,18.75284,0.01693,16.903463,0.006936,1.849377,,,1.4,780.826,65.019,170.98,0.98,1.1994669285500954,0.0034973845507935,0.0,0.1512258004273153,0.0,,0.5062719427952621
0.3783,-0.0328,0.0077,17,282.10797422186,0.0174,8.76384303648,0.0187,4287126923426057984,0.4939,0.022,-0.003,0.023,-1.487,0.026,0.929,14.862732,0.00277,15.511934,0.003358,14.066224,0.002855,1.44571,,,1.275,3831.946,581.266,1795.985,1.0,2.2730896083144656,0.0008084101292119,0.0,0.065642815399688,0.0,,0.5155163795972303
0.4835,-0.0623,-0.0948,18,282.11668328491,0.1625,8.76152001671,0.1832,4287126850381949952,0.3697,0.2007,-0.128,0.206,-1.128,0.23,0.989,18.908381,0.003424,20.033583,0.049478,17.833948,0.011103,2.199635,,,1.39,534.291,21.979,101.029,0.9,0.926807106009414,0.0362317224668152,0.6714310922708736,0.2037974536393676,0.7244561332313022,0.2217083115249272,0.5157858386202894
0.514,-0.1635,-0.1298,18,282.08234990397,0.0906,8.67182137668,0.0986,4287124032882987776,0.5224,0.1025,-0.241,0.118,-1.572,0.129,1.02,17.839607,0.003008,18.889427,0.013461,16.832327,0.004911,2.0571,,,1.34,900.258,82.448,268.619,0.99,1.099200274090499,0.0318484699582551,0.9638703513424208,0.0554700304225837,0.8768832887527682,0.0564989404596942,0.5211302976231954
0.3672,-0.0868,-0.091,18,282.14238880144,0.0313,8.73828931773,0.0338,4287126030072816256,0.4498,0.0397,-0.035,0.04,-1.657,0.043,0.999,16.092838,0.002796,16.761017,0.003801,15.290798,0.00321,1.470219,,,1.273,2280.035,420.61,684.107,0.99,1.7768870149353,0.0024185873102449,0.0,0.0298830873976401,0.0,,0.524161662889167
0.3627,-0.1042,-0.0732,17,282.07347790606,0.0366,8.67530721097,0.0393,4287123998523272832,0.309,0.0451,0.014,0.047,-1.459,0.051,1.013,16.419533,0.002808,17.251249,0.004843,15.521036,0.003139,1.730213,,,1.3,2003.365,274.273,755.493,0.91,1.5339496454071766,0.0242263943199504,1.1653737758155531,0.0525294615598933,0.7597210112501526,0.0362857891370732,0.524492022960854
0.3952,-0.1162,-0.009,18,282.14808945926,0.027,8.70463366752,0.0279,4287125617755925120,0.4466,0.0329,0.021,0.034,-1.675,0.036,0.961,15.637121,0.002782,16.290413,0.003542,14.846759,0.003014,1.443654,,,1.269,2809.575,497.456,951.851,0.97,1.969070576963149,0.0017725165149075,0.0,0.0,0.0,,0.5266065643670228
0.4261,-0.1411,-0.0536,16,282.04691882745,0.0428,8.71188885406,0.0476,4287125136719660672,0.5014,0.0528,-0.051,0.055,-1.119,0.063,1.173,16.040316,0.002873,16.695604,0.005297,15.065989,0.003199,1.629616,,,1.429,1332.266,241.146,693.444,0.75,1.7486244014696606,0.0252988511715999,1.16272777513676,0.0750822938164339,0.6649385506455966,0.0440024305616439,0.533957093916122
0.3904,-0.0594,-0.0799,18,282.15161495383,0.0521,8.72104563078,0.0567,4287125720835150848,0.4339,0.0655,0.059,0.065,-1.519,0.07,1.052,16.978024,0.002851,17.823471,0.007279,16.075628,0.004513,1.747843,,,1.299,1485.181,161.492,306.102,0.99,1.4442341077059846,0.0018896853451973,0.0,0.1109416130742579,0.0,,0.5514005455161832
0.4065,-0.1113,-0.1011,18,282.04553667866,0.1049,8.72004574233,0.1132,4287125132394858752,0.5596,0.1227,-0.211,0.133,-1.58,0.136,1.012,18.226398,0.00309,19.186747,0.020819,17.291571,0.006638,1.895176,,,1.295,776.194,52.626,180.264,0.99,1.1176818343905497,0.0025069729388916,0.0,0.1078275083651663,0.0,,0.5541319287156887
0.4372,-0.1428,-0.173,18,282.08544774012,0.036,8.7693242174,0.0399,4287127095224767616,0.5169,0.0472,-0.237,0.048,-1.321,0.052,1.035,16.2791,0.002809,17.09388,0.004677,15.376702,0.003027,1.717177,,,1.309,1983.446,289.244,925.273,0.94,1.558359636052936,0.0240176565293021,1.256748127213494,0.0410536898789788,0.8064557744813171,0.0291290317128177,0.5580962013424751
0.8074,0.0436,0.0727,14,282.1040316686,0.1556,8.77069204402,0.1739,4287126923427022336,0.5112,0.1559,-0.083,0.246,-1.429,0.293,0.942,18.458817,0.003306,19.383484,0.023101,17.396011,0.008935,1.987473,,,1.43,594.299,47.345,127.906,0.97,1.0625068747200523,0.0264990924972435,0.2760141798848544,0.342546487754447,0.2597763708188506,0.3224597016441776,0.5607968808811867
0.4155,-0.0873,-0.0305,18,282.08554235157,0.134,8.66430491797,0.1461,4287123934128752256,0.4314,0.1605,0.295,0.17,-1.599,0.186,1.028,18.568209,0.003212,19.702641,0.040175,17.564377,0.012188,2.138264,,,1.316,657.583,27.09,91.511,0.8,0.9884330720493848,0.0403687133856551,0.697975502077244,0.2271668090037196,0.7061434120471956,0.2316275913687058,0.5713651545199584
0.4033,-0.1531,-0.0974,18,282.05354568592,0.1236,8.74812551847,0.1325,4287125475992360064,0.4275,0.1494,-0.048,0.163,-1.519,0.164,0.988,18.57276,0.003486,19.492153,0.025254,17.509851,0.01065,1.982302,,,1.431,508.279,43.258,105.635,0.99,1.0463664088434974,0.0138250243721194,0.1808189532166458,0.2806734071706446,0.1728065347744649,0.2682459722243529,0.5789654249206456
0.7217,-0.0429,0.0015,15,282.07760893612,0.0596,8.66663192342,0.0631,4287124002848235392,0.56,0.0595,-0.09,0.087,-1.35,0.097,0.97,16.83544,0.003181,15.563337,0.002922,14.66255,0.113309,0.900787,,,5.455,682.835,1251.233,9.585,0.98,1.9337207744677116,0.0074273181816774,0.0,0.0,0.0,,0.5844113352567188
0.3964,-0.0258,0.0077,17,282.10326198186,0.0213,8.77154768826,0.0231,4287126923426065792,0.5093,0.0267,-0.066,0.028,-1.475,0.032,0.989,15.311894,0.002778,16.005827,0.003378,14.48153,0.002933,1.524297,,,1.287,3098.055,569.929,1199.602,1.0,2.0197666256640527,0.031540902140495,1.362017540936417,0.0905905577142629,0.6743440175860006,0.0460716338424474,0.5976684362269157
0.4263,-0.0971,-0.0429,18,282.14154891955,0.1076,8.68218755313,0.1183,4287122624133772672,0.487,0.1308,-0.176,0.136,-1.801,0.148,1.031,18.260101,0.00315,19.410097,0.020941,17.269165,0.005275,2.140932,,,1.3,711.645,52.314,242.56,0.95,1.0153126503413814,0.0322709467351902,0.8708402031379012,0.0627317185937383,0.8577064442613772,0.0675326196031406,0.5985949394064344
0.4247,-0.0816,-0.0926,18,282.11376032545,0.0612,8.77002612155,0.0671,4287126923426059648,0.4441,0.077,-0.236,0.079,-1.675,0.086,1.125,17.19718,0.002874,18.155695,0.010366,16.222523,0.004074,1.933172,,,1.333,1329.549,108.752,365.66,0.99,1.2401073502773372,0.0335193676206496,1.1084689195465471,0.0524850773736727,0.8938491649925706,0.0487334917303902,0.6048857553564371
0.3646,-0.099,-0.0365,17,282.05798966423,0.0407,8.67779077863,0.0435,4287124209006688256,0.3927,0.0484,-0.138,0.05,-1.657,0.054,0.986,16.557264,0.002822,17.436367,0.008369,15.578985,0.004842,1.857382,,,1.359,1782.602,137.599,274.329,0.99,1.3966642880476678,0.0265259842363649,1.296581054511784,0.0346239028748384,0.9283412381970576,0.0304209131477568,0.6074569654782405
0.3402,-0.082,-0.0007,18,282.08097941337,0.0157,8.66213163921,0.0167,4287123934128754048,0.4912,0.0192,-0.122,0.019,-1.43,0.021,0.998,14.520454,0.0028,15.225731,0.003247,13.69272,0.003007,1.53301,,,1.281,2191.528,654.138,967.527,1.0,2.3454305539827467,0.0142116510938856,1.4294706222610358,0.129901442450683,0.6094704530192417,0.0555078856950739,0.6230127151601986
0.3153,-0.1256,-0.0292,18,282.05676386573,0.0107,8.75754850485,0.011,4287127026505298432,0.5027,0.0135,-0.085,0.014,-1.453,0.014,1.071,13.537484,0.002776,14.73506,0.003406,12.455069,0.003089,2.279991,24.52,1.03,1.381,3220.899,555.998,819.715,1.0,2.661398489993702,0.0348490238068806,0.1186439391830899,0.385475977445178,0.0445795470423411,0.1448408081182844,0.6360286574097748
0.5068,-0.2668,-0.1643,17,282.15069021968,0.0355,8.68699608698,0.0392,4287122559739198336,0.449,0.04,-0.008,0.043,-1.464,0.046,1.032,15.90222,0.002796,16.627508,0.004173,15.064143,0.003107,1.563365,,,1.283,2277.333,349.844,794.54,1.0,1.8216793682609964,0.0130152652395015,0.9789111782431128,0.1467254938466831,0.5373674397913375,0.0806355351088593,0.6491869303120005
0.3747,-0.1287,-0.1074,18,282.03849135175,0.1042,8.7184148036,0.1124,4287125132394850816,0.3017,0.1225,-0.306,0.131,-1.294,0.132,1.017,18.230991,0.003111,19.209606,0.021537,17.266293,0.008014,1.943314,,,1.318,751.91,50.841,144.522,0.83,1.116822205150045,0.0084679095865862,0.0,0.2099992944349741,0.0,,0.6525431734731996
0.2832,-0.0801,-0.1049,18,282.03875038862,0.0342,8.71127677041,0.036,4287125136719665664,0.4627,0.0419,-0.129,0.043,-1.479,0.043,1.019,16.178528,0.002805,16.960688,0.005056,15.307656,0.003137,1.653031,,,1.292,2071.186,257.497,757.662,1.0,1.661891863323702,0.0155489575128506,1.1270667224417574,0.046991378161823,0.678182947588226,0.0289790330003352,0.6554082163192719
0.4662,-0.1486,-0.1054,18,282.12313620952,0.0407,8.66230635102,0.0444,4287121047910707968,0.501,0.0476,-0.151,0.051,-1.44,0.055,0.986,16.460232,0.002923,17.396507,0.008504,15.495927,0.003972,1.90058,,,1.329,1111.137,135.163,384.118,1.0,1.417421762342875,0.0272746886433682,1.3166650670033289,0.0346349273930048,0.9289155154687307,0.0302750595748528,0.6578616735156443
0.2917,-0.0423,-0.065,18,282.13663840256,0.0155,8.76430122519,0.0163,4287126476749437824,0.4343,0.0196,0.001,0.02,-1.439,0.021,1.0,14.53493,0.002766,15.232042,0.003009,13.712358,0.002867,1.519684,,,1.28,4505.976,964.765,1649.407,1.0,2.340422913960511,0.0138568794809027,1.430847452155075,0.1208143375924185,0.6113627770520182,0.0517474807818455,0.6585230575388143
0.3,-0.0222,-0.1129,17,282.14946371839,0.056,8.75114257221,0.0605,4287126408029944960,0.5475,0.0704,0.089,0.07,-1.443,0.074,0.99,17.096151,0.002871,17.927715,0.008838,16.185793,0.005321,1.741922,,,1.311,1347.026,129.467,239.635,0.99,1.4090367860900448,0.0016086829273111,0.0,0.0935702048611224,0.0,,0.6609977714630072
0.5321,0.0315,0.0269,17,282.11908648908,0.1915,8.7749937911,0.2155,4287127301374711296,0.4418,0.2142,-0.096,0.225,-1.179,0.253,1.056,18.957191,0.003446,20.135651,0.055576,17.913271,0.016622,2.22238,,,1.346,524.469,19.561,66.259,0.93,0.925099615250736,0.0373513195157657,0.5834056815495413,0.2763422383042846,0.6306409298326396,0.2997994338960401,0.6692548943217146
0.2784,-0.0481,-0.1159,18,282.03805494008,0.0246,8.73113715074,0.0261,4287125445957325696,0.5186,0.0316,-0.153,0.032,-1.507,0.032,1.034,15.634709,0.002782,16.403818,0.003938,14.767746,0.003099,1.636072,,,1.293,2802.033,390.768,804.876,1.0,1.7201361390763394,0.0390338039321688,1.5738343482129895,0.050948453175799,0.9149475512200392,0.03617107881803,0.6730892357300647
0.3039,-0.133,-0.0615,18,282.16104346411,0.0195,8.72168855828,0.0203,4287125755194882944,0.4765,0.0249,-0.089,0.024,-1.396,0.025,1.011,14.937784,0.00277,15.572438,0.003163,14.146528,0.003444,1.42591,,,1.277,3764.936,728.295,537.771,1.0,2.247791814545096,0.0010763459267388,0.0,0.0,0.0,,0.6804320196199942
0.4215,-0.077,-0.1073,18,282.11820935379,0.0449,8.77652174902,0.0482,4287127301383183616,0.5395,0.0544,-0.177,0.057,-1.604,0.061,1.16,16.551628,0.002815,17.449715,0.008478,15.60741,0.003664,1.842304,,,1.322,1877.48,135.616,457.296,0.99,1.3969239799376394,0.0293818380841577,1.2885977048531734,0.0384369460374053,0.9224537078321886,0.0336681330916126,0.6808025989601124
0.3779,-0.2044,-0.1132,17,282.15299597668,0.0113,8.68334648844,0.0123,4287122559739194112,0.4784,0.0149,-0.196,0.013,-1.387,0.015,0.984,13.396988,0.002771,14.589314,0.003006,12.327564,0.002813,2.26175,25.44,0.78,1.369,3692.143,969.831,3019.538,1.0,2.7057149334538946,0.0005239664451437,0.0,0.1425187535628908,0.0,,0.7031751375309517
0.4425,0.0162,0.1077,17,282.08385666316,0.0218,8.65487742571,0.0235,4287123934128746368,0.5083,0.0258,-0.01,0.026,-1.415,0.028,0.969,15.050715,0.002782,15.836402,0.003454,14.169588,0.002966,1.666814,,,1.299,2832.047,533.283,1080.093,1.0,2.0253813003961323,0.0557635258446856,1.6875057345136435,0.1062971280546549,0.8331792804562749,0.0572767952955118,0.7091017561669937
0.3667,-0.0269,0.0042,18,282.15657136452,0.042,8.74769904369,0.0468,4287126201871505920,0.4932,0.0533,-0.168,0.049,-1.38,0.053,1.093,16.36882,0.002833,17.109247,0.004823,15.517421,0.00367,1.591826,,,1.289,1651.092,275.95,455.418,0.99,1.6620145577058805,0.0013611950710358,0.0,0.0289672707499623,0.0,,0.712566410593981
0.3723,-0.151,-0.0656,18,282.15924541515,0.0459,8.69087866212,0.0493,4287122594098934272,0.4435,0.057,-0.138,0.057,-1.479,0.061,0.94,16.780706,0.002855,17.652552,0.008435,15.849773,0.003441,1.802778,,,1.317,1453.262,136.403,539.328,1.0,1.4048287922617733,0.0338060142952175,1.1091389262625706,0.0677017077538278,0.7895189309701275,0.0518020119375235,0.7160320937159641
0.6174,-0.2107,-0.1119,14,282.15787555179,0.0662,8.68783644602,0.0755,4287122594098932864,0.4142,0.0667,-0.026,0.07,-1.235,0.077,1.039,16.157341,0.004615,16.506395,0.016201,14.693996,0.00748,1.812399,,,2.146,293.261,68.033,156.45,0.97,1.6479933632368715,0.039783781582904,1.5049299861197236,0.0519702772967345,0.9131893487506813,0.0384769036275211,0.7176076956449401
0.3642,-0.1082,-0.0557,18,282.14777207674,0.0414,8.66979989435,0.0452,4287121082270437760,0.4652,0.0522,-0.127,0.051,-1.428,0.054,1.084,16.415043,0.002818,17.289658,0.006209,15.489595,0.003339,1.800062,,,1.311,1843.843,195.743,592.036,1.0,1.4344690702880118,0.0310877641391384,1.3299614360826633,0.0400289054078367,0.9271454251820392,0.0343863638770235,0.7231216114682896
0.4425,-0.1359,-0.1089,18,282.03948352217,0.1506,8.75335965106,0.1627,4287125544711854976,0.3313,0.177,0.033,0.2,-1.418,0.196,1.003,18.833864,0.003386,20.025805,0.055471,17.776529,0.009857,2.249275,,,1.357,551.814,19.598,114.843,0.97,0.9276366721026428,0.0355965187578415,0.7362214043815046,0.140644663223324,0.7936527592346433,0.1546446192818016,0.7340395067701927
0.5107,0.0059,-0.001,18,282.16978461242,0.0477,8.7321818078,0.0521,4287126133152008192,0.4639,0.0592,0.043,0.065,-1.383,0.069,0.882,16.831818,0.00282,17.654932,0.006212,15.955309,0.003608,1.699623,,,1.283,1807.688,195.609,474.502,1.0,1.4899058235341922,0.0014222251990137,0.0,0.0300504907679541,0.0,,0.7398430720256486
0.402,-0.1622,-0.13,17,282.03140462874,0.0717,8.68764775895,0.078,4287124651358363648,0.5089,0.0861,-0.03,0.09,-1.688,0.092,0.988,17.542881,0.002945,18.488647,0.016029,16.50938,0.005289,1.979267,,,1.394,1045.445,68.788,241.64,0.98,1.1702242055127057,0.0336610901263863,1.02848874956429,0.0578899756896186,0.878881794376901,0.0555545696155811,0.7423005449995026
0.4221,-0.0652,-0.0688,18,282.17095668757,0.0796,8.70098665105,0.0868,4287122697178149888,0.3405,0.0983,-0.087,0.101,-1.617,0.109,0.958,17.791529,0.002967,18.784838,0.016072,16.844177,0.005107,1.94066,,,1.298,985.333,68.595,253.821,0.98,1.173197119921566,0.035707676287472,0.739609803910264,0.2559757950861069,0.6304224510538438,0.2190285907808954,0.7435277022356427
0.4976,-0.0856,-0.1877,17,282.1696133561,0.075,8.74190169434,0.083,4287126201871865088,0.4637,0.0869,-0.056,0.097,-1.499,0.107,0.973,17.50852,0.0029,18.344814,0.011741,16.634144,0.004509,1.71067,,,1.278,1200.861,95.202,306.567,1.0,1.2904060174691057,0.0030786582880925,0.0,0.0824501874763122,0.0,,0.7474733113722727
0.3894,-0.1892,-0.1379,17,282.12792352023,0.0157,8.64700572697,0.0173,4287120738673051008,0.4768,0.0203,-0.073,0.019,-1.459,0.02,0.996,14.363836,0.002779,15.14449,0.00314,13.483456,0.003167,1.661035,,,1.3,3019.915,754.337,724.811,1.0,2.411171338446413,0.0105063002375988,1.1627995016357704,0.404907607354298,0.4822550281246273,0.1679429828303413,0.7715558056536165
0.3229,-0.0355,-0.1421,17,282.16800028652,0.0188,8.74942844087,0.0205,4287126236231605504,0.4812,0.0251,-0.105,0.023,-1.509,0.025,1.067,14.768386,0.002766,15.290844,0.003157,14.071465,0.002864,1.219378,,,1.248,4394.548,734.815,1675.448,1.0,2.3073683784577583,0.0024218080914819,0.0,0.0,0.0,,0.7724554396205517
0.38,-0.1093,-0.0482,18,282.16269720395,0.0358,8.67412190616,0.0385,4287122353580753792,0.4522,0.0438,-0.202,0.044,-1.487,0.047,0.974,16.302032,0.002813,17.166862,0.005014,15.391933,0.003248,1.774929,,,1.3,1922.097,260.595,652.942,1.0,1.462606326465742,0.0278362080934399,1.3689040731898994,0.0342235365812875,0.935934740893494,0.029407542595823,0.7793862108195602
0.3459,-0.1622,-0.045,18,282.17385861952,0.0306,8.69562578768,0.0327,4287122697178143744,0.4838,0.0383,-0.049,0.037,-1.451,0.04,1.116,15.630141,0.002818,16.228344,0.014593,14.638357,0.00925,1.589987,,,1.467,1842.208,75.799,123.105,1.0,1.8431592135730663,0.0599333145162886,1.4760318794454963,0.1056695290711422,0.8008162662107343,0.0629672739176368,0.7930821085952711
0.3558,0.0104,-0.218,17,282.17251676392,0.0372,8.74473448729,0.041,4287126236231603200,0.4594,0.0481,-0.215,0.048,-1.488,0.052,1.086,16.10037,0.002804,16.826479,0.00448,15.256801,0.003239,1.569678,,,1.287,2093.727,309.768,660.382,1.0,1.770633849925077,0.0044998590395943,0.1072643360883968,0.2636879795354186,0.0605796258175769,0.1489230088156965,0.7962816653278071
0.5274,-0.1014,0.0069,17,282.03244026702,0.0514,8.76041502669,0.0565,4287137300067084416,0.3912,0.056,0.136,0.061,-1.146,0.062,0.947,16.619661,0.00327,17.434248,0.05851,15.472951,0.051065,1.961297,,,1.553,616.313,18.578,21.294,0.84,1.3962938353923533,0.026063139215305,1.3037165303929168,0.0333083982823124,0.933697834472339,0.0295432200591715,0.817707074819434
0.3898,-0.0749,-0.1106,17,282.15591379397,0.0501,8.77160142548,0.0547,4287126511102455040,0.436,0.0645,-0.085,0.064,-1.614,0.071,1.022,17.005722,0.002899,17.749521,0.014656,16.003977,0.005109,1.745544,,,1.425,1202.481,75.462,253.706,0.99,1.4532250277815335,0.0030682937984369,0.0,0.1631909403604574,0.0,,0.846405019059492
0.5125,-0.1109,-0.0056,18,282.03194907808,0.0486,8.7603139246,0.0529,4287137300067084288,0.4748,0.053,-0.132,0.06,-1.595,0.06,0.911,16.598345,0.002861,17.370028,0.00884,15.620104,0.011145,1.749924,,,1.393,1406.777,129.431,100.619,1.0,1.517850592294517,0.0243538825583545,1.0520239606491404,0.0727493940131647,0.693101129972752,0.0492024605621201,0.8918150128147468
0.3789,0.0047,-0.0002,16,282.12514871066,0.0243,8.79206631399,0.0267,4287127335742928512,0.5186,0.0324,-0.179,0.033,-1.394,0.038,0.95,15.622463,0.002777,16.396656,0.003648,14.753631,0.002983,1.643025,,,1.292,3135.575,461.928,1028.141,0.99,1.7218232869322654,0.0372338152422931,1.5823142262276175,0.0483727578702737,0.9189759705520024,0.0344119958118456,0.8976143305990614
0.5218,-0.0314,0.107,17,282.06749206245,0.0778,8.64155355005,0.0837,4287123521811885824,0.4602,0.0917,-0.278,0.109,-1.527,0.125,0.966,17.612602,0.00299,18.664202,0.016955,16.605833,0.004978,2.058369,,,1.339,934.551,64.922,263.364,0.99,1.1384505667648512,0.0307642589300118,1.0215016254194085,0.0493017426062258,0.897273588542559,0.0496318902466063,0.9017890458416746
0.4717,-0.1266,-0.1079,15,282.12901757701,0.1954,8.63914407948,0.2281,4287120738666177280,0.2981,0.2365,0.221,0.217,-1.159,0.244,0.992,18.942291,0.003457,19.880482,0.029562,17.783724,0.035119,2.096758,,,1.529,520.097,36.892,31.014,0.92,0.9555014810971748,0.0351179751791999,0.4126965699198896,0.349286134001967,0.4319162011617209,0.3658972041289923,0.9218721656120266
0.3646,0.0288,-0.1347,17,282.14726427756,0.069,8.78652346064,0.0769,4287127370102979200,0.5183,0.09,-0.05,0.093,-1.341,0.107,0.937,17.559622,0.002916,18.53476,0.013554,16.621937,0.00503,1.912823,,,1.294,1138.661,81.855,259.395,0.99,1.2132732484162587,0.0353538237868979,0.8753883356315373,0.1568832468469184,0.721509632536794,0.1310038291620076,0.9316602145883456
0.3641,-0.1086,0.0486,18,282.02370825915,0.0285,8.75789785691,0.0303,4287137265707349248,0.4778,0.0349,-0.113,0.036,-1.421,0.036,0.977,15.77948,0.002788,16.698641,0.004229,14.82328,0.002984,1.87536,,,1.327,2549.444,341.638,1025.37,1.0,1.6251063272628543,0.0248990730079242,1.5481031031784973,0.0302717026730735,0.9526165009682456,0.0236646081538712,0.958249314221175
0.383,-0.2175,-0.0908,17,282.11400254385,0.0207,8.63028593511,0.0219,4287120699988140672,0.5058,0.0248,-0.054,0.025,-1.611,0.027,1.072,14.83475,0.002778,15.588789,0.003334,13.965173,0.00288,1.623616,,,1.3,3049.499,595.001,1525.229,0.99,2.195379351812504,0.0238935238405086,1.5564471669601732,0.0895040263528327,0.7089650204075989,0.0414930282147109,0.9635463143996627
0.5331,-0.1149,-0.0105,18,282.12403499857,0.2271,8.63223172144,0.2562,4287120704304367488,0.4427,0.2788,0.108,0.281,-1.546,0.306,1.551,18.696527,0.004422,19.574114,0.028962,17.300005,0.01367,2.274109,,,1.847,313.925,37.663,81.133,0.92,0.980616880769872,0.0360051988138943,0.8006617780169075,0.1028087968381005,0.8164878595484879,0.1090429133330236,0.9704632557567711
0.3177,-0.1207,-0.0388,18,282.09816674568,0.0544,8.62856684981,0.057,4287120532514623232,0.4364,0.0664,0.05,0.069,-1.532,0.072,0.968,17.043795,0.002859,17.997993,0.007937,16.080442,0.003621,1.917551,,,1.323,1420.375,146.112,470.425,0.99,1.2739818202032898,0.0319401846059276,1.1480060866587996,0.04749388540593,0.901116537499422,0.0435911549923742,0.971759353967542
0.3599,-0.1283,-0.112,18,282.0094453532,0.0657,8.70344182065,0.0709,4287124930561246592,0.5029,0.0811,-0.167,0.085,-1.37,0.086,1.025,17.424753,0.00289,18.479727,0.010323,16.419559,0.005021,2.060167,,,1.337,1245.419,109.239,260.104,0.99,1.1803988791737807,0.0306556157746393,1.0575249612078372,0.0486518454733242,0.8959047486965177,0.047330279621808,0.9930559319408586
0.387,0.0018,0.0031,17,282.09716435571,0.0186,8.80695548319,0.0201,4287127576262060928,0.4643,0.0243,-0.132,0.025,-1.49,0.026,0.943,15.001033,0.002773,15.613612,0.003321,14.238064,0.002909,1.375548,,,1.262,3492.042,602.88,1316.976,1.0,2.223869142490112,0.0015629452000285,0.0,0.0,0.0,,1.0
0.3995,-0.0118,0.0454,17,282.00732872512,0.0326,8.72529048048,0.0354,4287125377237860480,0.4629,0.0394,-0.055,0.04,-1.417,0.04,0.922,16.009361,0.0028,16.876778,0.005434,15.081455,0.00305,1.795322,,,1.316,2172.198,232.835,882.247,1.0,1.549192952970319,0.0232519355529934,1.4718608079635205,0.0261851383053221,0.9500823026218088,0.0221141497681696,1.0018735789098911
0.384,-0.0567,-0.0001,18,282.02746256435,0.0303,8.77569521287,0.0324,4287138846255325184,0.4372,0.0371,-0.061,0.038,-1.455,0.038,1.085,15.82499,0.002785,16.51845,0.004121,14.998303,0.003115,1.520146,,,1.284,2674.637,357.994,783.477,1.0,1.890110471239682,0.0016136283631122,0.0,0.1317899927966021,0.0,,1.004849738457641
0.4351,0.011,-0.017,18,282.08353506629,0.1178,8.80778585965,0.1293,4287139322967144832,0.4822,0.1442,-0.039,0.148,-1.812,0.148,1.202,18.030424,0.003206,18.823792,0.015789,17.00247,0.006254,1.821321,,,1.434,662.114,69.864,193.978,0.89,1.1771511650680908,0.0038068826638852,0.0,0.1005710912470419,0.0,,1.0201127415255782
0.3689,-0.3075,-0.2288,18,282.01003574828,0.0136,8.68335861301,0.0143,4287124690043062912,0.4441,0.0177,-0.049,0.017,-1.463,0.017,1.0,13.991865,0.002774,14.732161,0.003282,13.131411,0.002905,1.60075,,,1.297,3386.615,627.945,1340.511,1.0,2.521014835150704,0.0074177467163936,0.7623428816493087,0.6621123670743071,0.3023952382270439,0.2626387426927404,1.0236642990293159
0.2794,-0.0614,-0.0498,18,282.1668611506,0.0438,8.65128369731,0.0471,4287120807392509056,0.3779,0.057,-0.043,0.055,-1.323,0.058,0.961,16.758629,0.002829,17.649548,0.006401,15.824068,0.00328,1.82548,,,1.315,1689.783,188.463,629.712,0.99,1.3613335050406088,0.0369060599569321,1.202194317168044,0.0555399620341106,0.8831005133691926,0.0473039910511451,1.0281961973722438
0.3167,-0.1181,0.0041,18,282.17323076888,0.0655,8.65665170296,0.0701,4287122284861259008,0.4788,0.0847,-0.234,0.085,-1.683,0.091,0.954,17.5443,0.002905,18.418068,0.011683,16.618876,0.004284,1.799192,,,1.311,1178.653,95.699,333.954,0.99,1.2829751865939931,0.0017057087759988,0.0,0.0791131463749953,0.0,,1.0304642298123607
0.3887,-0.0112,0.0162,18,282.03772070129,0.0406,8.79220983486,0.0443,4287138880615069312,0.4015,0.0507,-0.032,0.052,-1.41,0.052,1.051,16.477215,0.002811,17.337465,0.007164,15.558204,0.003343,1.779262,,,1.31,1944.267,164.534,589.801,1.0,1.4341953024346688,0.0357733462756616,1.2896759974973575,0.0502670210559271,0.8992331764774453,0.0416115336696282,1.037478570088773
0.4658,-0.0358,-0.063,16,282.19672144543,0.0957,8.72911942938,0.108,4287123212567509632,0.529,0.1224,-0.224,0.123,-1.687,0.148,1.233,17.841955,0.003106,18.613487,0.031104,16.649044,0.014014,1.964443,,,1.619,757.297,35.048,79.057,0.98,1.198256509147318,0.0398331662055153,0.6201114896359895,0.3806064132832137,0.5175114717943508,0.3180990421353847,1.0385636271768086
0.3767,0.0017,-0.0233,18,282.09901238209,0.0202,8.81658125788,0.0212,4287139361651388288,0.4957,0.0258,-0.046,0.027,-1.523,0.028,0.975,15.181023,0.002769,15.769827,0.003686,14.426161,0.003018,1.343666,,,1.265,3954.37,450.722,944.521,1.0,2.1585139106716738,0.0019062477483321,0.0,0.0,0.0,,1.0543640480931125
0.3209,-0.1789,-0.0689,18,282.19452278474,0.0514,8.68283118458,0.0542,4287122417975347968,0.5616,0.0686,0.19,0.064,-1.498,0.068,1.284,16.756481,0.002854,17.553026,0.006108,15.835814,0.005669,1.717213,,,1.331,1459.004,199.831,220.017,0.87,1.5188414281873626,0.0063207188782813,0.2131700625742218,0.322204690590926,0.140350439893272,0.212139270000347,1.0587249918223818
0.2527,-0.1565,-0.0177,18,282.12356374635,0.0167,8.61903672369,0.0175,4287120635593819520,0.5198,0.0217,0.17,0.021,-1.352,0.021,1.064,14.587657,0.002778,15.917897,0.003199,13.463567,0.002897,2.45433,,,1.398,3055.53,693.514,1392.462,0.92,2.2702394936493304,0.0116495656129598,1.4951957500710031,0.0559686394882257,0.6586070563275809,0.0248837556549339,1.0636318889976963
0.5534,-0.1692,-0.1383,17,282.05125283577,0.1107,8.62657980268,0.1195,4287123414407439616,0.2695,0.1306,-0.251,0.15,-1.435,0.158,1.014,18.079481,0.003157,19.031536,0.019752,17.05728,0.005889,1.974257,,,1.381,704.894,55.525,209.354,0.92,1.115328243110015,0.0371533984572189,0.6684916492861132,0.2880138689342311,0.5993676331750291,0.2590030901736121,1.066783559252242
0.3711,-0.0125,-0.0646,18,282.00756100011,0.0985,8.76546743929,0.1057,4287137334426840960,0.4211,0.1143,-0.305,0.124,-1.465,0.119,1.071,17.893856,0.003025,18.941708,0.022036,16.836466,0.00584,2.105242,,,1.391,869.537,49.671,211.632,0.98,1.0858656415493106,0.0313672493995091,0.9652897833443396,0.0501039422454839,0.8889587683859914,0.052806258625988,1.1171742788131276
0.418,-0.0644,-0.0601,18,282.20005240479,0.0884,8.69534315622,0.0981,4287122521061624320,0.5524,0.1143,-0.309,0.115,-1.577,0.127,0.999,18.054615,0.003001,19.009556,0.021834,17.084387,0.007675,1.925169,,,1.33,912.185,50.138,151.852,0.98,1.155914551701376,0.0095827003173919,0.1425034113228132,0.2684271927675312,0.1232819598239889,0.2322228680577747,1.1201202832891526
0.2726,-0.1299,-0.0065,18,282.19523518676,0.0254,8.67917543519,0.0265,4287122417975329280,0.4533,0.0331,-0.051,0.032,-1.435,0.033,1.059,15.598975,0.002792,16.308252,0.003903,14.766525,0.003091,1.541727,,,1.283,2411.667,397.736,816.697,1.0,1.926547900823004,0.0173480214688302,1.185321054301551,0.0740220710430384,0.6152564666547832,0.0388195041291268,1.132996544882782
0.5652,-0.0864,-0.0519,18,281.99409893551,0.0933,8.72891170926,0.1039,4287137128268392064,0.552,0.0998,0.106,0.117,-1.25,0.12,1.043,17.74428,0.002944,18.82308,0.014968,16.731445,0.005026,2.091635,,,1.338,1046.894,73.83,259.747,0.97,1.1115946693435266,0.0306904745274199,0.9897709193894204,0.0529714765725833,0.8904063204746642,0.0536210569639732,1.1389103330902588
0.4054,-0.0178,0.0501,17,282.17063356753,0.1019,8.64063091629,0.1134,4287120047153164928,0.3568,0.1277,0.121,0.131,-1.225,0.153,1.009,18.276178,0.003107,19.252556,0.020923,17.258251,0.006871,1.994305,,,1.37,755.741,52.36,172.919,0.96,1.0811695800970016,0.0367212277610902,0.5096299213695022,0.3501273446275723,0.4713690902437143,0.3242367791951011,1.1616240448721427
0.184,-0.0758,-0.0338,18,282.16109568738,0.0356,8.63182980192,0.0377,4287120017118516864,0.4824,0.0458,-0.122,0.045,-1.477,0.047,0.934,16.301449,0.0028,17.093445,0.004842,15.407849,0.003375,1.685596,,,1.308,2167.174,274.337,571.753,1.0,1.6110179615106908,0.015811916089128,1.11698210249626,0.0472622418375282,0.6933393228271886,0.0301157929663776,1.175313611664512
0.564,-0.1073,-0.2551,14,282.19633669731,0.0918,8.75945639228,0.1019,4287126270591387008,0.3658,0.1248,-0.045,0.121,-1.144,0.139,0.952,17.821999,0.002992,18.773552,0.017031,16.886806,0.005576,1.886745,,,1.298,931.23,64.624,224.874,0.92,1.2109816057177942,0.0039973951675351,0.0,0.164200683377643,0.0,,1.1769987024431743
0.4023,-0.1034,-0.0093,18,282.00710367919,0.0453,8.77288902571,0.0481,4287137540585276416,0.4458,0.0541,-0.056,0.057,-1.39,0.056,0.964,16.662525,0.002818,17.524704,0.005658,15.738358,0.003331,1.786345,,,1.314,1842.259,220.583,596.892,1.0,1.4343515528201494,0.0375465745026433,1.1480869014256607,0.0687906560077677,0.8004222529465321,0.0523364918315682,1.1964482554169942
0.4167,-0.0139,0.0138,18,282.03009899969,0.0556,8.80012148026,0.0608,4287139086773508608,0.3686,0.0681,0.057,0.07,-1.452,0.071,1.074,16.974848,0.002848,17.937742,0.007824,15.987015,0.003947,1.950727,,,1.344,1504.977,148.538,388.931,0.99,1.285794937588218,0.0307819235529565,1.1739567724134796,0.0437386484558591,0.9130202165949458,0.040433930030656,1.2005190276275708
0.2487,-0.1018,0.0527,18,282.16610672857,0.0267,8.63093031285,0.0285,4287120017118513280,0.4548,0.0363,-0.15,0.033,-1.741,0.035,1.653,14.730764,0.002818,15.426938,0.003081,13.886177,0.002935,1.540761,,,1.298,1844.1,830.565,1191.732,0.98,2.255840352281309,0.0174117991183843,1.513637419933592,0.0886047516266982,0.6709860555525861,0.0396179076274865,1.2075441086189393
0.263,-0.0031,-0.0516,18,282.16408779526,0.0953,8.62621608113,0.1034,4287120017118511616,0.3691,0.1224,-0.063,0.126,-1.135,0.132,0.996,18.200211,0.003055,19.291601,0.020207,17.179071,0.006127,2.11253,,,1.344,822.994,54.25,199.025,0.93,1.0349425549404994,0.0358551205866422,0.8765374208442949,0.0682819111410516,0.8469430662213794,0.0722070103270099,1.2099825106577993
0.4176,-0.1286,0.0793,18,281.98395240405,0.0373,8.71824263612,0.0398,4287136750311268864,0.385,0.0433,-0.177,0.05,-1.55,0.052,1.171,15.780119,0.002964,16.167591,0.032866,14.331615,0.027394,1.835976,,,2.106,994.646,33.155,39.841,0.99,1.7892575411144929,0.0433009487972759,1.6379605128713488,0.0583866198006888,0.9154414472111688,0.0394415783128625,1.243425259362096
0.3094,-0.1163,-0.0036,18,282.14100509637,0.1098,8.60694004953,0.1171,4287119879679557632,0.3071,0.139,0.047,0.144,-1.192,0.152,1.031,18.37718,0.003152,19.457272,0.028117,17.391022,0.008138,2.06625,,,1.312,709.711,38.806,142.018,0.95,1.0340998475562884,0.0456409036093043,0.651232870446108,0.2950675259651544,0.6297582114387266,0.2866881242673303,1.263022849666355
0.3075,-0.0539,-0.0855,18,282.07584826717,0.0704,8.5966540557,0.0755,4287120154557493376,0.336,0.0857,-0.031,0.091,-1.446,0.096,0.99,17.534874,0.002955,18.446947,0.010334,16.582577,0.00432,1.86437,,,1.325,1015.811,109.117,329.21,0.99,1.275278088853652,0.0171307211229311,0.350589271087784,0.3709304478609219,0.2749120165648959,0.2908858437363287,1.2797737435247116
0.3364,-0.0389,-0.1232,17,282.14283161527,0.0251,8.83159176966,0.0275,4311146957534632832,0.4832,0.0338,-0.187,0.033,-1.4,0.036,0.979,15.721255,0.002787,16.472805,0.004218,14.862761,0.002972,1.610044,,,1.291,2592.564,343.171,1059.969,1.0,1.7650356919102748,0.034208226561194,1.4303918230506592,0.0555185204604452,0.8104039083212901,0.0351580160613326,1.2799891530738223
0.3993,-0.0117,0.0925,17,282.04269117773,0.0498,8.60732584611,0.0562,4287114553919615872,0.3416,0.0616,-0.007,0.059,-1.393,0.064,0.962,16.75432,0.002834,17.582731,0.00687,15.845886,0.003697,1.736845,,,1.31,1632.366,172.946,447.555,0.98,1.5000889475927393,0.0142844449432069,0.6550498759470849,0.3366719576234902,0.4366740232292712,0.2244731799371702,1.2917755965232596
0.3101,-0.1062,0.0062,18,282.20705546347,0.0768,8.6557389824,0.0825,4287121494587256320,0.4877,0.0994,0.005,0.098,-1.279,0.105,0.984,17.83392,0.002981,18.781841,0.012637,16.888933,0.00562,1.892908,,,1.308,953.725,88.094,222.545,0.99,1.2079994399202598,0.0068028293543624,0.0,0.2066822859252848,0.0,,1.3020082323465871
0.385,-0.1071,-0.0059,18,281.99416209192,0.0296,8.78524917771,0.031,4287137643664506752,0.4023,0.0353,0.006,0.038,-1.454,0.037,1.121,15.676743,0.002803,16.327991,0.005358,14.83204,0.004005,1.495952,,,1.314,2117.399,237.39,377.842,1.0,1.9599402866925917,0.0012435511580189,0.0,0.0923800901330222,0.0,,1.317285444952844
0.4471,-0.0189,0.0275,17,281.9802393465,0.0257,8.75829478822,0.0272,4287137403146327168,0.5018,0.0308,-0.011,0.034,-1.364,0.033,1.001,15.575469,0.002784,16.335848,0.004015,14.708819,0.003003,1.627028,,,1.295,2710.758,376.008,978.618,1.0,1.746214449020619,0.0384336330868299,1.5962258278426906,0.0503859771024364,0.9141064138702718,0.0351761093583018,1.3554036267111114
0.2214,-0.0323,-0.036,17,282.22348136325,0.0357,8.69589298313,0.0376,4287122834617488896,0.3844,0.0486,-0.079,0.044,-1.603,0.048,1.468,15.720728,0.002826,16.34387,0.005188,14.872096,0.004489,1.471774,,,1.328,1734.418,248.225,308.738,0.99,1.9459271933028652,0.0015686593180904,0.0,0.0,0.0,,1.3762719980946587
0.4285,0.017,-0.0447,16,282.20783009589,0.0489,8.78291021567,0.0543,4311145583145076736,0.4431,0.0655,-0.264,0.063,-1.344,0.075,1.075,16.752037,0.002847,17.507444,0.00627,15.874093,0.005421,1.633351,,,1.307,1513.654,193.367,233.609,0.96,1.5223321567936454,0.0023372042999934,0.0,0.0626396307276569,0.0,,1.3859106304889381
0.3833,-0.0279,-0.0969,17,282.1606831944,0.0423,8.82798207959,0.0466,4311146888815151872,0.3382,0.0562,-0.135,0.056,-1.419,0.061,1.018,16.705086,0.002823,17.517527,0.006492,15.808141,0.003364,1.709386,,,1.305,1767.585,185.226,577.762,0.98,1.5326257904614211,0.0064585383970121,0.1967738613688884,0.3181164466794366,0.1283900235749305,0.2075637310697747,1.3913706472451275
0.4409,-0.0544,0.0677,17,281.97263292155,0.149,8.68000706734,0.1665,4287124754437534336,0.3985,0.1696,-0.215,0.182,-1.506,0.181,0.977,18.590446,0.003293,19.728643,0.043328,17.604532,0.008903,2.124111,,,1.298,601.908,25.111,128.414,0.98,0.9956372145535451,0.0413360371803578,0.577860655179257,0.3207473517316801,0.5803927843721431,0.3230527500935747,1.394856602596403
0.3432,-0.0915,-0.0275,18,282.19435328667,0.0375,8.6272630947,0.0404,4287119776600327168,0.4437,0.0478,0.004,0.047,-1.461,0.051,1.034,16.439119,0.002807,17.194822,0.005513,15.580122,0.003187,1.6147,,,1.29,2025.039,228.326,705.072,1.0,1.634313921177919,0.0012049597590227,0.0,0.0,0.0,,1.399696171545671
0.3498,-0.0985,-0.0667,17,282.08277703205,0.0619,8.5874493385,0.0667,4287120085838007296,0.4205,0.0779,-0.142,0.08,-1.601,0.085,1.013,17.373524,0.002922,18.295938,0.010664,16.433283,0.003952,1.862656,,,1.311,1117.701,105.492,387.841,0.99,1.2900377611477083,0.0280401232485353,0.7843571885054194,0.2206142229280385,0.6080110304737126,0.1715236537449995,1.4014641266392076
0.4062,-0.0541,-0.0029,18,282.18929164522,0.1355,8.62121154093,0.1498,4287119772275144192,0.4278,0.1643,-0.217,0.171,-1.528,0.185,0.991,18.638912,0.003324,19.679464,0.029823,17.669081,0.008754,2.010384,,,1.306,583.685,36.566,130.845,0.98,1.0299804011442202,0.0048303727024342,0.0,0.1687842530469423,0.0,,1.405968267196717
0.4332,-0.1215,-0.0999,17,282.17628923394,0.1147,8.82712260362,0.1254,4311146712684503040,0.4082,0.1459,-0.121,0.147,-1.482,0.16,1.058,18.255432,0.003131,19.380581,0.018799,17.222275,0.006092,2.158306,,,1.347,730.07,58.402,200.483,0.99,1.0161173442958191,0.0325438134873279,0.8825274618279418,0.0610043182546071,0.8685290796207629,0.0661678500899498,1.4100848483339739
0.3349,-0.1207,-0.0189,18,282.21925061895,0.0339,8.65429100122,0.0357,4287121597666465024,0.5093,0.0432,-0.125,0.043,-1.538,0.045,0.942,16.256638,0.002794,17.001139,0.004875,15.407047,0.003148,1.594091,,,1.286,2352.98,271.572,744.977,1.0,1.7064299364958486,0.0020536455313776,0.0,0.1822668131641711,0.0,,1.4108751328997227
0.2629,0.0012,-0.0642,17,282.23505894419,0.0396,8.69640391964,0.0423,4287122113062980864,0.4056,0.0526,-0.33,0.049,-1.373,0.053,0.992,16.593727,0.002829,17.558607,0.006311,15.604597,0.003576,1.95401,,,1.345,1696.123,191.793,485.455,0.94,1.3800570105155674,0.0269825324293433,1.2777008222997497,0.034576723763306,0.9258319131485888,0.0309095502326082,1.4230934881930273
0.3767,-0.0409,-0.1513,17,282.19775539905,0.0549,8.81237789771,0.0602,4311145892382728832,0.509,0.0734,-0.06,0.07,-1.114,0.077,1.168,16.956152,0.002874,17.761047,0.00647,16.042299,0.003596,1.718748,,,1.322,1328.781,185.993,478.664,0.73,1.4543267052282436,0.0013647771717731,0.0,0.0800537479968294,0.0,,1.4378139334575313
0.373,-0.1264,-0.0224,18,282.22394517357,0.0796,8.65712789366,0.0843,4287121597666464640,0.4694,0.1004,-0.032,0.102,-1.407,0.109,1.055,17.777514,0.002977,18.714949,0.021623,16.825352,0.005281,1.889597,,,1.318,963.502,50.635,242.164,0.99,1.2216071585790815,0.0073871246641255,0.1160592572684538,0.2483482230465737,0.0950053840577102,0.2032971180182773,1.4619069123849961
0.2778,-0.0647,-0.0344,17,282.23654525276,0.0205,8.73603044046,0.022,4287123075135660800,0.4753,0.0283,-0.039,0.025,-1.442,0.027,1.03,15.098599,0.002777,15.836442,0.003371,14.248473,0.002943,1.587969,,,1.289,3111.195,574.131,1160.532,1.0,1.9934598087660735,0.0595685935984282,1.6990050766122151,0.1084707974619814,0.8522896068137324,0.0600785878798419,1.4837496221458288
0.3608,-0.1909,-0.0751,18,281.97679053464,0.0654,8.64860963172,0.07,4287118608358146432,0.4559,0.079,-0.026,0.082,-1.414,0.081,0.974,17.402548,0.002902,18.295956,0.011817,16.41506,0.005267,1.880896,,,1.364,1193.962,94.556,243.018,1.0,1.2630813630149809,0.0387957111384281,0.9036528654631202,0.1273294975778511,0.7154351983359938,0.1031758986820922,1.4883326904047949
0.5719,-0.1068,-0.1473,17,282.00851838593,0.2195,8.82497190528,0.2484,4287139907082751104,0.3858,0.233,-0.353,0.237,-1.646,0.249,0.985,18.975506,0.003454,19.92564,0.037119,18.019281,0.011824,1.906359,,,1.318,521.334,29.333,94.495,0.93,0.9618819204129476,0.0085303530755939,0.0,0.1807972650509664,0.0,,1.5091675563342577
0.2866,-0.0269,0.125,16,281.96340452913,0.0545,8.67459803895,0.0601,4287118883246769280,0.4957,0.0678,-0.146,0.069,-1.374,0.066,0.965,16.888851,0.002846,17.752918,0.009962,15.972497,0.003367,1.780421,,,1.306,1525.964,113.537,575.961,0.99,1.4332999199041516,0.0188739942885151,0.8829836220956231,0.1353923245943097,0.6160494463396541,0.0948096589564675,1.5122250094610639
0.2853,-0.0197,-0.0779,17,282.24306122268,0.0174,8.73371498534,0.0182,4287123075135658624,0.5585,0.024,-0.055,0.021,-1.49,0.023,0.978,14.740171,0.002783,16.1042,0.003786,13.61095,0.002872,2.493251,,,1.397,2763.277,424.198,1590.146,0.98,2.179326749110347,0.0213676368159991,1.564623865056343,0.0664311534169128,0.717939090911934,0.0312846274305777,1.5310194901526493
0.3632,-0.0886,-0.0128,18,282.08862642099,0.1282,8.57106892701,0.138,4287119325604366336,0.4405,0.1534,0.066,0.163,-1.592,0.173,0.929,18.557583,0.003253,19.641548,0.039508,17.490084,0.008391,2.151464,,,1.392,627.955,27.551,137.205,0.97,0.9802322866333288,0.0363357607867875,0.7910581097017633,0.0943075173952656,0.807010869248863,0.1007528137376907,1.5408141252984255
0.3018,0.0018,-0.0784,17,282.24426972261,0.1325,8.744080818,0.1444,4311142280278116608,0.5095,0.18,-0.259,0.164,-1.545,0.179,1.599,17.854671,0.003816,18.665339,0.011399,16.689676,0.004875,1.975662,,,1.575,411.205,98.237,271.564,0.98,1.1764583098106185,0.0406994730364356,0.7780907603079044,0.2528835400819787,0.661384048902811,0.2161675718293181,1.5870617968829055
0.5695,-0.1128,-0.0986,18,281.9824641394,0.1151,8.80835266987,0.1318,4287138468298254336,0.3858,0.1311,0.087,0.139,-1.44,0.147,1.034,18.141769,0.003126,19.057957,0.018897,17.217928,0.005887,1.840029,,,1.298,735.641,58.091,209.461,0.98,1.1364918198765182,0.0030673045995192,0.0,0.0755182637616923,0.0,,1.6060154337631292
0.2905,-0.1499,0.0569,17,281.94980479724,0.027,8.71687443374,0.0273,4287136681591811200,0.4359,0.032,-0.033,0.034,-1.476,0.032,0.994,15.517284,0.002787,16.251982,0.004428,14.662518,0.002967,1.589464,,,1.294,2575.654,315.782,1076.867,1.0,1.7868690931041815,0.045345024222229,1.5986697193508814,0.0624539880284569,0.8946764626017697,0.0416784038833054,1.6212908952313907
0.3823,-0.0356,-0.1065,17,282.24032299967,0.0719,8.76849717643,0.079,4311142593847827072,0.5586,0.0953,-0.166,0.089,-1.449,0.099,1.142,17.462831,0.003244,18.303764,0.010081,16.419268,0.006653,1.884497,,,1.435,634.209,112.083,179.779,0.99,1.2735779941292558,0.0338769432429467,0.7798054520762101,0.2688254899301154,0.6122950111189401,0.2117063583764065,1.6253650908623178
0.3586,-0.0015,-0.0863,17,282.25022347283,0.1209,8.70847490539,0.1351,4287122211817048576,0.3522,0.164,0.322,0.15,-1.51,0.167,1.009,18.582182,0.003316,19.683666,0.029137,17.569994,0.008393,2.113672,,,1.332,588.473,37.435,137.157,0.77,0.9916983054684292,0.0412808112652164,0.6422376385321235,0.2849517808282122,0.6476139315663771,0.2885989801883276,1.644811254134349
0.3857,-0.1071,0.0097,18,282.01336874901,0.0518,8.59207567943,0.0543,4287117371418167936,0.4976,0.0621,-0.005,0.068,-1.763,0.066,1.003,16.963129,0.002848,17.848988,0.006309,16.051451,0.003638,1.797537,,,1.295,1510.081,191.878,465.136,0.86,1.4028650434879817,0.0208779124601357,0.8947066933810187,0.137762360479608,0.6377710368749976,0.0986583543629854,1.6500801916352403
0.317,-0.0949,0.0252,17,282.05778234451,0.1645,8.57098165328,0.1803,4287114240363086720,0.3131,0.2027,-0.224,0.212,-1.624,0.226,1.034,18.945452,0.003614,20.054152,0.035329,17.911406,0.014457,2.142746,,,1.352,464.13,30.828,76.542,0.96,0.9499147844888214,0.0314500901494708,0.3631726321606539,0.3363298176380804,0.3823212756458869,0.354289341123514,1.6780699083256376
0.3815,-0.09,-0.0843,17,282.24672291806,0.0822,8.77134305908,0.0879,4311142593826028288,0.3748,0.1078,0.12,0.105,-1.378,0.114,0.966,17.848259,0.003125,18.611517,0.015984,16.739775,0.00847,1.871742,,,1.527,736.808,68.984,135.759,0.98,1.2270456459230237,0.0059799171206176,0.0,0.2256802689231594,0.0,,1.683070033885985
0.3775,0.0079,-0.0559,17,282.09248947205,0.0349,8.87359665228,0.0377,4311159052163148544,0.4594,0.0454,0.09,0.045,-1.469,0.045,0.988,16.221432,0.00281,16.956829,0.006478,15.34452,0.003633,1.612309,,,1.312,1965.49,185.695,466.752,0.99,1.7077130602912165,0.0127813543862061,0.6997579809000293,0.3492551605091664,0.4097632073977929,0.2045392959467252,1.7208489401771605
0.3722,-0.1491,-0.0348,18,282.17936887246,0.1125,8.58049014125,0.1166,4287119531762998784,0.2848,0.1334,0.111,0.15,-1.661,0.151,1.068,18.120966,0.00305,19.217405,0.019956,17.089754,0.007028,2.127651,,,1.352,830.103,54.946,168.323,0.91,1.040246369425082,0.0342574399391539,0.9111979842546136,0.0587634242251556,0.8759444022459889,0.0634290046502181,1.7217635535694111
0.2957,-0.15,-0.0402,18,281.95373353675,0.0178,8.64497615171,0.0189,4287118539649363456,0.4812,0.0223,-0.147,0.022,-1.511,0.022,1.096,14.727202,0.002772,15.45943,0.00339,13.881892,0.002908,1.577538,,,1.286,3571.843,563.701,1322.244,1.0,2.2514682423710943,0.0165621795386428,1.520150247266574,0.0828114655649024,0.6751817408117888,0.0371149229245725,1.7304160232407881
0.4384,-0.1395,0.0119,16,281.93980063515,0.0891,8.68047952534,0.1017,4287130702996792704,0.4418,0.1099,-0.08,0.111,-1.375,0.111,1.057,17.760786,0.002978,18.821615,0.016737,16.753559,0.005655,2.068056,,,1.337,960.798,65.793,220.728,0.99,1.1116519727036511,0.0323755877599452,0.9827764929556712,0.0571054958183868,0.8840685008325567,0.0574613221508177,1.811874447324881
0.4547,-0.0496,-0.0847,17,282.22749588597,0.1467,8.82148626142,0.165,4311145956770247936,0.4998,0.1937,0.179,0.186,-1.566,0.21,0.994,18.78302,0.00335,19.911232,0.034773,17.808897,0.008922,2.102335,,,1.289,569.546,31.324,128.12,0.93,0.991957869405758,0.0202061016207461,0.1976310610197497,0.2983428679913822,0.1992333214092475,0.3007890121221207,1.8125527586178158
0.3325,-0.1231,-0.0503,18,281.95115904957,0.0108,8.80893707038,0.0114,4287138640096969088,0.4744,0.0141,0.078,0.013,-1.46,0.013,0.89,13.344351,0.002763,13.92433,0.002901,12.602441,0.00282,1.321889,,,1.259,5184.182,1365.73,2632.053,1.0,2.5290713865067094,0.011212063288539,2.4582548273826363,0.0345891410762012,0.9719989876513968,0.0143394042754313,1.812914527067188
0.4625,-0.1041,-0.18,16,281.96989779653,0.0741,8.8333596665,0.0822,4287140151925672192,0.3381,0.0937,-0.425,0.089,-1.501,0.092,1.131,17.301434,0.003068,18.347498,0.014463,16.194601,0.00536,2.152897,,,1.443,804.001,76.51,237.251,0.73,1.2079594506015583,0.0289622740630608,1.104633197252055,0.0414395112696583,0.9144621507799396,0.0407133780997884,1.8341528935909186
0.521,0.0289,0.0188,17,282.14440760256,0.1021,8.8855546292,0.1134,4311158944759299328,0.3113,0.1279,-0.015,0.13,-1.202,0.145,1.041,18.025129,0.003038,18.961365,0.042226,16.957891,0.00863,2.003473,,,1.431,848.944,25.769,132.942,0.94,1.1059199042520471,0.0399847503212567,0.8305152553900043,0.1672404081651624,0.750972337324642,0.1536410438268808,1.8418409922164272
0.3378,0.1857,-0.0819,16,282.14361349636,0.038,8.88579480069,0.0418,4311158949084094976,0.5088,0.0525,-0.255,0.053,-1.727,0.054,1.009,16.338909,0.002814,17.085461,0.004555,15.48168,0.003652,1.603781,,,1.292,1898.182,301.602,460.912,0.97,1.674806497748088,0.0010235543787998,0.0,0.0572029564875231,0.0,,1.8457920610795102
0.2689,0.0343,-0.044,16,282.27618639397,0.04,8.72946796208,0.0437,4311141459976442752,0.4545,0.0558,-0.167,0.046,-1.644,0.049,1.055,16.387152,0.002804,17.157961,0.004849,15.522921,0.003298,1.63504,,,1.29,2087.833,273.735,617.646,0.99,1.648060188876553,0.0082350518143353,0.2885155943285184,0.3761907925687122,0.1750637484454941,0.2282644514442953,1.896215374377579
0.5534,-0.1232,-0.0119,18,281.92368122596,0.1137,8.68364065701,0.1263,4287130733032031744,0.3888,0.1239,-0.426,0.144,-1.685,0.143,1.086,17.893009,0.003107,18.889906,0.014946,16.789169,0.005803,2.100737,,,1.453,756.187,73.943,213.393,0.92,1.0944330629610035,0.0316898087788312,0.9670148695578372,0.0542794357760272,0.8835760744851453,0.0558060577574955,1.9045988298424918
0.476,-0.2002,-0.1352,17,281.94163951973,0.0945,8.80119035827,0.104,4287138532693138816,0.5221,0.1146,-0.323,0.116,-1.549,0.115,0.96,17.820175,0.003007,18.708744,0.014867,16.919407,0.005543,1.789337,,,1.285,901.753,74.349,226.705,0.98,1.2107947733383602,0.0025869316558797,0.0,0.0567089613593447,0.0,,1.9127386015300658
0.559,-0.0841,-0.1481,16,282.2759566368,0.1155,8.69436813021,0.1322,4287121975624018560,0.446,0.1539,0.06,0.158,-1.586,0.181,1.044,18.310493,0.003239,19.542843,0.024716,17.241592,0.007297,2.30125,,,1.36,637.545,44.211,161.033,0.97,0.9985787713979416,0.0302402213655492,0.8772501649213738,0.051451629836851,0.8784987124183341,0.0579877013752949,1.9345444198280906
0.2842,-0.1362,-0.0068,18,282.00087403573,0.0171,8.56710304916,0.0185,4287114004163795968,0.4381,0.0213,-0.08,0.021,-1.501,0.021,1.022,14.682042,0.002782,15.437308,0.003637,13.820557,0.002912,1.616752,,,1.292,2842.834,465.27,1301.768,1.0,2.2713277957921565,0.0135461094777516,1.5106335669543582,0.0751337989053088,0.6650883107902549,0.0333162087951328,1.9439482661748524
0.3488,-0.1389,-0.0187,18,282.07852212239,0.0248,8.53967429332,0.0273,4287113248249470976,0.4756,0.0319,-0.103,0.031,-1.455,0.034,0.972,15.58974,0.002776,16.295851,0.003736,14.763949,0.00297,1.531901,,,1.279,3231.226,436.955,1065.312,1.0,1.9407682226278151,0.0159847462236386,1.135391959076438,0.0828920671225882,0.58502192370973,0.0429818907114456,1.964309828500671
0.4776,-0.0261,-0.1147,17,282.05977501058,0.0789,8.89483677579,0.0886,4287140869155588096,0.3094,0.1,-0.177,0.098,-1.564,0.101,0.997,17.643785,0.002936,18.501863,0.012714,16.73658,0.005481,1.765284,,,1.3,1069.875,87.528,230.117,0.98,1.256624507572358,0.0025968778226673,0.0,0.0,0.0,,2.0016054896246747
0.1897,-0.1065,0.0307,18,282.04673466136,0.0686,8.54032896159,0.0731,4287113278290236288,0.392,0.0885,-0.463,0.091,-1.595,0.091,1.053,17.461868,0.002911,18.414248,0.013209,16.512775,0.004323,1.901472,,,1.311,1154.579,84.093,328.746,0.8,1.2351797170150238,0.0383753055969717,0.9073860360037832,0.1477042661450371,0.7346186336321993,0.1217397946380034,2.006041433248909
0.2726,0.0674,-0.2137,16,282.20383053974,0.0552,8.86992547758,0.0595,4311147472930749952,0.5076,0.0783,-0.124,0.075,-1.498,0.079,0.993,17.152935,0.002848,18.041859,0.007096,16.212776,0.004535,1.829082,,,1.32,1509.006,166.404,303.662,1.0,1.348748528951335,0.0278117986856514,0.8571368549375236,0.1688591510664251,0.6355053121755437,0.1258808651665479,2.0289142905385336
0.4563,-0.2391,-0.0851,17,281.90945363149,0.0999,8.73814164871,0.109,4287137673699438720,0.4298,0.1195,-0.024,0.119,-1.539,0.114,0.955,17.821444,0.002993,18.788456,0.013813,16.878149,0.005942,1.910307,,,1.301,929.323,80.259,206.945,0.99,1.207147878457551,0.00995571625663,0.1873787361481426,0.3021255667104676,0.1552243428432052,0.2502837675083672,2.0304798475129573
0.3567,-0.0756,-0.086,17,282.28116430823,0.0809,8.77318549075,0.0863,4311142452076849280,0.409,0.1061,-0.209,0.103,-1.167,0.111,1.036,17.818445,0.002977,18.905584,0.015739,16.787405,0.006225,2.118179,,,1.354,963.271,70.094,195.105,0.84,1.0974259657960084,0.0304034339275967,0.9754407791294356,0.0493905969526047,0.8888442678881833,0.0513021348958353,2.0479031884155185
0.3952,-0.1583,0.0134,18,281.90672394183,0.0355,8.72426229102,0.0384,4287131802508488704,0.4188,0.0453,-0.354,0.044,-1.489,0.043,1.145,15.97305,0.002819,17.333054,0.00521,14.84294,0.0031,2.490113,,,1.399,1827.558,246.743,804.281,0.93,1.512839645571075,0.0190842809435131,1.452966394348746,0.0236358604594355,0.9604232666709842,0.0197707401708563,2.073984803359703
0.3202,-0.1314,0.0558,18,282.10873470299,0.0288,8.52609545566,0.0319,4287113076450751744,0.4736,0.0378,0.031,0.036,-1.458,0.039,0.936,15.931355,0.002797,16.650621,0.004263,15.042149,0.00329,1.608473,,,1.329,2253.92,336.871,622.698,1.0,1.7730223740005022,0.0175954178738805,1.185162214037047,0.0549506012386853,0.6684417700623508,0.0316945865406158,2.1095010814904565
0.4023,-0.1599,-0.0137,18,281.9055831554,0.0385,8.68877914754,0.0422,4287130840435779968,0.4903,0.0481,-0.179,0.048,-1.382,0.047,0.932,16.307232,0.002808,17.108829,0.004595,15.424255,0.003198,1.684574,,,1.296,2006.62,297.42,694.586,0.99,1.6077452996026027,0.0174430938301061,1.110711912565448,0.0526168220032819,0.6908506669806406,0.0335744275453892,2.1207279476033083
0.3437,-0.1383,0.0995,17,281.91470457819,0.0505,8.64864139189,0.055,4287118780167568768,0.473,0.0617,-0.122,0.063,-1.487,0.062,1.01,16.829464,0.002854,17.768364,0.007208,15.877645,0.003305,1.890718,,,1.317,1456.374,163.362,613.162,1.0,1.322188065995662,0.0318178241939635,1.209331060104971,0.0446526392132361,0.9146437569713616,0.0403112072295157,2.1254457344681126
0.5082,-0.1299,-0.1526,17,281.94839385083,0.0771,8.84418933184,0.0854,4287143171265277184,0.3507,0.091,-0.099,0.091,-1.525,0.093,1.025,17.447025,0.002891,18.474392,0.013754,16.45303,0.004483,2.021362,,,1.333,1239.126,80.616,309.467,0.99,1.1795297359089003,0.033684333096036,1.04920662941119,0.0554142364498769,0.8895126570104753,0.0534077347475636,2.143195647875038
0.4712,0.0797,0.0028,16,282.13329120731,0.0557,8.90969735545,0.0602,4311159223944202752,0.4843,0.0744,-0.361,0.071,-1.543,0.077,0.992,17.024031,0.002843,18.164612,0.00996,15.98505,0.003532,2.179562,,,1.35,1550.169,113.555,501.354,0.96,1.2588916321396462,0.0304802282849435,1.1558739133253275,0.0424061089096481,0.9181679215396586,0.0403596214780083,2.1492285719906508
0.523,-0.1575,-0.0865,18,281.91457646428,0.0488,8.79072968854,0.0551,4287138193420377728,0.4346,0.0568,-0.239,0.062,-1.502,0.063,1.049,16.593966,0.002843,17.292965,0.005289,15.744681,0.004043,1.548284,,,1.301,1546.867,241.641,371.022,0.99,1.582467246222659,0.0031409133065215,0.0,0.046050249289955,0.0,,2.167304838372189
0.3964,-0.0666,-0.047,16,282.27856755521,0.1146,8.80233840454,0.1269,4311143104911928320,0.4518,0.1585,0.145,0.142,-1.148,0.159,1.009,18.430235,0.003182,19.517584,0.028953,17.441587,0.006657,2.075996,,,1.313,681.836,37.675,179.637,0.94,1.0308619756872333,0.0379717325258868,0.6128033071678386,0.3065618062676879,0.594457184007886,0.2981890058183806,2.185890050496099
0.5746,0.0587,0.0222,16,282.11903951067,0.1548,8.91681875717,0.1698,4311159975543734400,0.5086,0.1948,0.049,0.196,-1.207,0.219,1.033,18.583797,0.003198,19.589973,0.025772,17.632843,0.008319,1.95713,,,1.298,669.001,42.378,138.53,0.96,1.0407719210425908,0.0040602448781003,0.0,0.1496881325052657,0.0,,2.1859616214773445
0.4689,-0.0309,0.0494,17,281.91292210031,0.1343,8.63381704303,0.15,4287118329166198912,0.4256,0.1588,0.422,0.178,-1.118,0.176,0.961,18.440506,0.003261,19.549152,0.030425,17.389425,0.010128,2.159727,,,1.369,622.454,35.837,111.515,0.76,0.9890489256739162,0.0322472195157204,0.8367640502209666,0.0832534933114265,0.8460289764238043,0.0885797238451447,2.1878816814635376
0.415,-0.2242,-0.1067,17,282.05205622525,0.0677,8.51990479725,0.0753,4287112835932611840,0.3047,0.0888,-0.401,0.086,-1.66,0.091,1.009,17.359755,0.002917,18.352198,0.010461,16.383423,0.005016,1.968775,,,1.325,1133.527,107.695,260.481,0.56,1.203650146775387,0.0347563945827589,1.063679067198244,0.0617181120554773,0.8837111597982772,0.0572745092897192,2.193865714696011
0.3979,0.0016,-0.0576,17,282.10074657285,0.024,8.9224292138,0.0261,4311160044263232512,0.5545,0.0314,-0.152,0.031,-1.392,0.031,0.928,15.464991,0.002778,16.116451,0.003591,14.671013,0.003104,1.445438,,,1.273,3062.592,480.257,797.756,0.97,2.041193014149804,0.0014854434881716,0.0,0.0336515711227615,0.0,,2.2073347032170436
0.3316,-0.1031,-0.0341,18,282.21673539794,0.0762,8.54530652505,0.0814,4287072257079579008,0.4902,0.097,-0.01,0.098,-1.293,0.103,1.029,17.764797,0.002944,18.772476,0.012441,16.795034,0.0053,1.977442,,,1.315,1047.465,89.554,240.936,0.99,1.1409211532679573,0.0361356470277532,0.9230497845553692,0.0771818033473703,0.8090390662943396,0.0723390687648534,2.2488726076268444
0.5387,-0.1525,-0.1036,18,281.91464531417,0.2066,8.81971492023,0.2265,4287141560674760576,0.4868,0.2339,-0.047,0.246,-1.235,0.249,1.044,18.977766,0.003542,19.993425,0.032317,18.026609,0.010978,1.966816,,,1.295,487.925,33.723,102.258,0.95,0.961305796667835,0.0075418187635818,0.0,0.1432057634975476,0.0,,2.2627743533059967
0.4029,0.1927,-0.0738,16,282.12891950048,0.0761,8.92381027102,0.0858,4311160357815552512,0.3792,0.1074,0.311,0.107,-1.146,0.112,1.134,17.470686,0.003832,18.232454,0.011569,16.361017,0.00786,1.871437,,,1.529,407.707,96.705,147.756,0.63,1.3147201183647144,0.0233953065003394,0.3402907286217912,0.3862149671144463,0.2588313085564206,0.2937982238176128,2.2659260517131137
0.3804,-0.0778,-0.0707,18,281.9238969905,0.0379,8.83643704264,0.0418,4287141732473459072,0.5569,0.05,-0.384,0.047,-1.658,0.047,0.927,16.44696,0.002805,17.272295,0.005174,15.555132,0.003256,1.717163,,,1.296,2067.97,249.158,646.987,0.89,1.5522707636753887,0.0186017568343545,1.0887416971388928,0.0537370019189264,0.7013864608008367,0.0356240637895574,2.2698117835841845
0.2392,-0.0782,-0.0839,17,282.31060045618,0.0613,8.73776822483,0.0632,4311141524363866624,0.4097,0.0841,-0.082,0.076,-1.593,0.077,1.044,17.360558,0.002893,18.146801,0.010968,16.463398,0.005435,1.683403,,,1.313,1229.11,102.354,232.757,0.99,1.3355781851009751,0.0029874863507897,0.0,0.0619569637281236,0.0,,2.2876792851302143
0.2888,-0.1999,-0.0965,17,281.9502979557,0.0919,8.56210313235,0.0957,4287116886062890112,0.4099,0.1087,-0.165,0.116,-1.437,0.111,1.004,17.818136,0.003016,18.670105,0.016741,16.878548,0.006484,1.791557,,,1.331,884.901,65.774,185.517,0.99,1.2163426104375905,0.0031219038050239,0.0,0.0925300377739661,0.0,,2.312273732767457
0.3113,-0.0268,-0.1124,16,282.31721915345,0.0764,8.74418347647,0.0836,4311141558723611136,0.5404,0.1075,-0.041,0.095,-1.525,0.101,1.023,17.863293,0.002952,18.742004,0.013769,16.964046,0.005328,1.777958,,,1.286,1024.816,80.524,239.221,0.99,1.2010782695157822,0.0031115479577484,0.0,0.0728502419266331,0.0,,2.314680323253693
0.3004,-0.0061,-0.0855,16,282.31301522865,0.0503,8.77043724763,0.0547,4311142765646496768,0.5,0.0708,-0.146,0.062,-1.531,0.068,1.033,17.108881,0.002863,17.90712,0.007907,16.219759,0.003855,1.687361,,,1.302,1394.795,146.753,408.07,1.0,1.4058725949563948,0.0026125912855774,0.0,0.0726584373712089,0.0,,2.3158625804114963
0.3607,-0.023,-0.1663,16,282.3174743429,0.0925,8.67349532789,0.1024,4287074898457134080,0.5268,0.1263,0.325,0.118,-1.226,0.125,1.039,18.068018,0.00305,19.077312,0.033929,17.078575,0.007742,1.998737,,,1.333,830.214,32.109,150.335,0.81,1.093537560821713,0.0395675345799921,0.789839144952393,0.1983719304873695,0.7222789351276485,0.1832767270947309,2.41338148133177
0.2943,-0.1687,-0.0328,17,282.30728371232,0.1308,8.61824485299,0.1355,4287074451780216320,0.4893,0.1691,-0.372,0.166,-1.274,0.169,1.005,18.619762,0.00329,19.638456,0.050056,17.584539,0.011241,2.053917,,,1.376,603.693,21.724,99.707,0.89,1.0134476808308472,0.0341459694156193,0.4095271876569882,0.3477377726348751,0.4040930729855226,0.3433935714184838,2.4134633009225253
0.4063,-0.0896,-0.0817,15,282.28123346867,0.1881,8.86384332588,0.2063,4311147988326658560,0.3924,0.2416,0.013,0.233,-1.343,0.244,1.064,18.964119,0.003462,19.847141,0.043547,17.9342,0.014471,1.912941,,,1.408,517.876,24.984,76.466,0.96,0.970411822318226,0.012245849861364,0.0,0.1823387598539032,0.0,,2.4227967763053733
0.3877,-0.0576,-0.0504,15,282.24253892236,0.064,8.90589971945,0.0697,4311149083506640000,0.3372,0.0864,0.056,0.088,-1.634,0.098,0.971,17.392107,0.002886,18.34343,0.013857,16.464605,0.004979,1.878824,,,1.291,1264.24,79.989,263.317,0.94,1.263535426155047,0.0356824008255901,0.8742558669186228,0.1639077145286072,0.6919124298548505,0.1311848619541965,2.460528873713121
0.3248,-0.1377,-0.0161,18,282.20013616198,0.1429,8.50237656026,0.1541,4287070912732626560,0.4923,0.1795,-0.298,0.185,-1.58,0.195,1.027,18.737688,0.003376,19.800589,0.035115,17.709169,0.011383,2.091419,,,1.358,556.581,31.017,98.384,0.97,0.98416310459734,0.0371211325002873,0.4375679969747162,0.3429028600045672,0.4446092267945185,0.3488241111682043,2.554286274165609
0.4059,-0.0682,0.0077,18,282.23774439147,0.0592,8.52150724024,0.0628,4287071432445832960,0.4279,0.0743,0.338,0.079,-1.193,0.083,0.95,17.284246,0.002881,18.340904,0.011217,16.280634,0.004316,2.06027,,,1.335,1289.485,99.933,329.674,0.61,1.2068812932587805,0.0297338321830159,1.0950125808368307,0.0464382732922087,0.9073076092513742,0.0444996409651858,2.582653430816515
0.3785,-0.2266,0.0441,17,281.87465445969,0.1119,8.62623500091,0.1252,4287130011477200256,0.511,0.1447,-0.486,0.135,-1.85,0.132,0.947,18.031811,0.003075,19.032776,0.024557,17.08086,0.006394,1.951916,,,1.299,794.836,44.5,188.735,0.71,1.1537351750335008,0.0175911860744398,0.2414677236477094,0.3311458002031994,0.2092921572237736,0.2870383718845406,2.586781689647127
0.524,0.0315,-0.1039,16,282.11265632254,0.1608,8.95819384183,0.1796,4311160731458112768,0.2957,0.197,0.042,0.2,-1.211,0.204,0.998,18.7092,0.003301,19.608051,0.030888,17.841259,0.009006,1.766792,,,1.253,597.229,35.295,126.793,0.95,1.0115344623853415,0.0065951525589181,0.0,0.1342068128817992,0.0,,2.69092645284655
0.3786,-0.081,0.0223,17,282.25251249157,0.1646,8.519776696,0.1751,4287071226267620736,0.5158,0.2029,0.091,0.222,-1.56,0.22,1.063,18.823202,0.003416,19.938931,0.035267,17.794342,0.013636,2.144588,,,1.345,537.883,30.883,81.342,0.96,0.9593628876064412,0.0397435547570806,0.5005264454378913,0.3264619515143217,0.5217279633222814,0.3409760768788367,2.695775965670137
0.4356,-0.0006,0.0065,17,282.22204754554,0.1605,8.49980993375,0.1725,4287070809653400192,0.4088,0.1948,-0.394,0.222,-1.142,0.227,0.932,18.834192,0.003825,20.138424,0.041881,17.712624,0.010931,2.4258,,,1.401,409.222,25.982,102.734,0.66,0.9133499778326064,0.0308129828871589,0.7833809664630931,0.0780156989065666,0.8577007559819163,0.0901850754226779,2.70672959616458
0.5615,-0.0692,-0.0777,17,281.91356334566,0.0958,8.89402659635,0.1116,4287144309453893504,0.5589,0.1184,-0.304,0.123,-1.631,0.145,1.471,17.574738,0.003183,18.369949,0.009562,16.603214,0.00456,1.766735,,,1.379,681.167,118.715,300.993,0.98,1.2842662104927374,0.0030607435872588,0.0,0.1079291594365164,0.0,,2.707463168350744
0.5425,0.1118,0.0019,15,282.14888968176,0.0877,8.97054886733,0.1004,4311160804509936384,0.293,0.118,-0.492,0.12,-1.57,0.143,0.982,17.774845,0.002941,18.728819,0.014453,16.822424,0.005673,1.906395,,,1.313,1056.313,76.56,219.803,0.64,1.217060630339359,0.0132640072384124,0.2659740088014213,0.3369057393535975,0.2185380104911113,0.276829436992822,2.7146731418176944
0.2628,0.116,-0.1396,15,282.08402087677,0.0287,8.97504890503,0.0319,4311163759447385088,0.4693,0.0426,-0.168,0.035,-1.486,0.034,0.966,15.695364,0.002781,16.338776,0.003346,14.912943,0.00301,1.425833,,,1.266,2861.003,587.819,962.208,1.0,1.945176580774537,0.0020050647572081,0.0,0.0,0.0,,2.724540177922314
0.4171,-0.1538,-0.1487,16,282.31656495162,0.0152,8.57129648581,0.0161,4287073012994043008,0.4878,0.0204,-0.151,0.019,-1.588,0.02,0.993,14.291266,0.002776,15.626799,0.003313,13.169064,0.002883,2.457735,,,1.395,3231.068,607.66,1495.491,1.0,2.543864713268603,0.0112067012863982,0.1308219212291886,0.4100814089913177,0.0514264459689352,0.1612042542307636,2.747051866799341
0.2815,0.0267,-0.1195,16,282.3463192794,0.0943,8.80535235221,0.1028,4311144410581994496,0.5487,0.1329,-0.288,0.119,-1.528,0.121,1.143,17.968828,0.003048,18.872438,0.02083,16.996206,0.014173,1.876232,,,1.347,832.407,52.599,78.136,0.98,1.179794559916715,0.0034999993052377,0.0,0.1090073163632237,0.0,,2.7769418222110676
0.4023,-0.1205,0.0306,18,281.87010438706,0.1603,8.8489699429,0.1715,4287142621502145024,0.3567,0.2008,-0.505,0.199,-1.595,0.203,0.976,18.768419,0.003411,19.760559,0.029719,17.78311,0.010492,1.977449,,,1.334,539.776,36.695,107.347,0.84,1.0048576390876347,0.0043762773926731,0.0,0.1474050040444942,0.0,,2.7816150259865347
0.3876,-0.0846,0.0477,18,281.84082802937,0.0965,8.78206342432,0.1079,4287135375921396096,0.2799,0.124,0.04,0.122,-1.255,0.125,1.024,18.065868,0.003022,18.924427,0.01752,17.141062,0.007099,1.783365,,,1.315,875.302,62.772,166.331,0.95,1.157286280884661,0.0034644127134969,0.0,0.0939777115961707,0.0,,2.7998199242894755
0.4868,0.0313,-0.0323,16,282.21029992368,0.0898,8.96099944753,0.0986,4311161315573683584,0.2992,0.1161,0.311,0.117,-1.105,0.122,1.068,17.733946,0.002971,18.680586,0.016766,16.807472,0.005324,1.873114,,,1.291,976.217,65.675,239.448,0.56,1.2312606404693447,0.0054277265363085,0.0,0.1973419400516541,0.0,,2.810591089346815
0.4551,-0.129,-0.2429,14,282.28558270198,0.1192,8.91130931854,0.1373,4311148946067703424,0.412,0.1746,0.241,0.153,-1.598,0.17,1.053,18.334736,0.003158,19.425379,0.029131,17.315557,0.007423,2.109821,,,1.342,704.053,37.443,157.849,0.82,1.0113580141149596,0.0340646874827599,0.8476994835292657,0.0681942968911321,0.8381794297354616,0.0731000814454082,2.845537820411912
0.1114,-0.0918,-0.0057,17,281.97094944903,0.1608,8.47822385978,0.1678,4287111869540636032,0.481,0.2049,0.418,0.211,-1.695,0.193,1.028,18.849632,0.003692,20.079439,0.043765,17.871218,0.012914,2.208221,,,1.27,441.764,24.859,86.111,0.74,0.9504690181832972,0.0376938202872068,0.4860376542687757,0.3344265401732749,0.5113661202737319,0.3524381749016574,2.87536140959437
0.5122,0.0099,-0.0045,17,281.88693540361,0.1203,8.88912913656,0.1364,4287142866337472256,0.2681,0.153,-0.412,0.155,-1.47,0.17,1.028,18.399382,0.00323,,,,,,,,,643.849,,,0.81,1.1784027450136405,0.811212509578476,0.4179100566675922,0.6143297559299694,0.3546411092777579,0.5756567550299384,2.88157483510091
0.3634,-0.0607,-0.0503,16,282.35560381859,0.1046,8.62033617887,0.1111,4287073768908359552,0.3231,0.1377,-0.081,0.136,-1.697,0.135,1.06,18.09762,0.003094,19.129469,0.019797,17.091841,0.006172,2.037628,,,1.343,771.537,55.398,197.218,0.96,1.0632627543593602,0.0399979700748014,0.874268054120192,0.0881974838895124,0.8222502392148197,0.0885292982179288,2.8818921000870183
0.3137,0.0205,-0.1884,14,282.35370168087,0.0701,8.82029279718,0.0802,4311144449273560448,0.4452,0.1046,0.197,0.076,-1.369,0.08,0.941,17.320602,0.002862,18.29109,0.009447,16.359632,0.004373,1.931458,,,1.317,1399.438,120.296,322.475,0.97,1.2150566725531244,0.0346673373638023,1.0700065449655127,0.0580711158855329,0.8806227471819674,0.053994927523042,2.8874945919847406
0.3767,-0.093,0.0676,18,282.21040693167,0.1107,8.46662175706,0.1174,4287070603494800768,0.5402,0.1385,0.139,0.15,-1.71,0.156,0.984,18.288698,0.003136,19.532381,0.029562,17.245583,0.008084,2.286798,,,1.331,725.206,36.892,143.097,0.86,1.0016903333178315,0.0298315919395324,0.87515285417102,0.0507349600755623,0.8736760504339798,0.0569416653069053,2.9047628774225296
0.2756,0.0395,-0.1313,16,282.37252259264,0.0411,8.76255711855,0.0444,4311141837933404928,0.4534,0.0582,-0.373,0.052,-1.663,0.052,1.025,16.625137,0.002827,17.775011,0.007494,15.573193,0.003346,2.201818,,,1.361,1721.549,156.107,587.624,0.95,1.3577039022823332,0.0282733905675708,1.2585155478466743,0.0359303550880115,0.9269440455544682,0.0327559890509357,2.9205858140166927
0.5212,-0.0286,-0.0458,16,282.2268935238,0.1527,8.96125017545,0.1701,4311161315573672576,0.3453,0.1997,-0.054,0.212,-1.623,0.226,1.017,18.870773,0.003471,20.019157,0.046576,17.87549,0.011047,2.143667,,,1.305,514.197,23.353,101.576,0.96,0.9660184203578162,0.0294039559445992,0.3294631993609334,0.3342523832862411,0.3410527091594166,0.346166054181545,2.929261486222033
0.3848,0.0719,-0.0689,16,282.11569390055,0.1501,8.99275236848,0.1643,4311163823834684800,0.5167,0.201,0.017,0.186,-1.367,0.186,0.963,18.79628,0.003337,19.899046,0.031615,17.828188,0.011586,2.070858,,,1.289,576.623,34.477,96.548,0.98,0.994322231369665,0.0152968007145883,0.1097715487055702,0.2352177443364637,0.1103983650796598,0.2365669789770172,2.9670890169902737
0.3051,0.0138,-0.0939,16,282.36599022479,0.1171,8.80249088842,0.1265,4311143654667743104,0.425,0.1599,-0.212,0.144,-1.161,0.146,1.043,18.442751,0.003208,19.499601,0.021572,17.474236,0.010925,2.025366,,,1.301,660.803,50.756,102.785,0.89,1.0631285185283446,0.0205587896505962,0.1996298314865402,0.3032504000271172,0.1877758220265613,0.2852665184783853,2.9755983018900602
0.3642,0.0115,0.0318,17,282.3333853561,0.0812,8.56299699854,0.0864,4287072939957527936,0.328,0.1027,-0.516,0.108,-1.612,0.11,1.055,17.885014,0.003004,18.904697,0.019228,16.821423,0.007075,2.083275,,,1.405,906.762,57.072,166.984,0.61,1.0918357913837813,0.0319149562179041,0.965243600648796,0.0552286724920632,0.8840556503697834,0.0568018582898748,2.9826507860685227
0.4061,0.0035,0.0181,18,281.89581743118,0.0355,8.91119832823,0.0385,4287144584331826816,0.5533,0.0454,-0.005,0.046,-1.767,0.048,1.018,16.277569,0.002817,16.94154,0.00506,15.42996,0.003478,1.51158,,,1.312,1846.503,257.193,522.964,0.54,1.7076550810062332,0.0025096301507857,0.0,0.0,0.0,,2.995370654788166
0.0977,-0.1724,0.0364,17,281.97307911404,0.1199,8.4644130131,0.124,4287111117945700608,0.5522,0.1517,0.333,0.157,-1.426,0.143,1.014,18.307709,0.003192,19.451464,0.028589,17.287823,0.006936,2.163641,,,1.33,673.815,38.159,170.988,0.88,1.0099961188408089,0.0324149353166766,0.8614211052838665,0.0610385670008353,0.8528954608979442,0.0663445610958863,3.0182287253245716
0.4463,-0.0367,0.0303,18,281.82173121544,0.1705,8.79964083012,0.1921,4287135440317024256,0.3221,0.203,-0.241,0.205,-1.342,0.21,1.032,18.834244,0.003603,19.803114,0.031912,17.87291,0.009375,1.930204,,,1.317,467.679,34.154,121.309,0.94,0.9899315068025883,0.0084849147682598,0.0,0.1636618110006166,0.0,,3.047120047616588
0.3407,0.0705,-0.0827,15,282.36354177527,0.0692,8.83290197476,0.0755,4311144621072254720,0.4026,0.0934,0.07,0.081,-1.433,0.082,1.025,17.360409,0.002926,18.368109,0.013609,16.390377,0.005364,1.977732,,,1.315,1103.787,81.51,237.017,0.99,1.2042542462208232,0.0339572414987603,1.059429459571215,0.0570807681754882,0.8797390276147287,0.0534982265490449,3.084017559190879
0.1838,-0.0302,0.1136,16,281.888916801,0.1403,8.51756122896,0.1578,4287115206754673536,0.5485,0.18,-0.182,0.163,-1.63,0.154,1.066,18.28793,0.003493,18.428789,0.032738,17.042828,0.077697,1.385962,,,1.962,505.847,33.285,13.983,0.98,1.1859514876702286,0.0087615029589082,0.0,0.0692282831156463,0.0,,3.1141248415960217
0.5284,0.0758,0.0005,14,282.38659056222,0.1036,8.65378095951,0.1135,4311093042781021440,0.512,0.1397,0.087,0.141,-1.811,0.149,1.017,18.151794,0.003042,19.106441,0.017708,17.22015,0.005699,1.886292,,,1.294,842.157,62.09,218.512,0.58,1.1340647225451088,0.0035602771114579,0.0,0.1139858951113194,0.0,,3.13958429928208
0.3153,-0.1847,-0.0339,16,281.82406816554,0.0117,8.60556962319,0.0134,4287128435254077696,0.5372,0.017,0.066,0.015,-1.366,0.016,0.922,13.312611,0.00277,14.376611,0.003112,12.298576,0.002811,2.078034,17.46,1.0,1.343,3838.215,787.664,3151.237,0.96,2.668909296409289,0.020004937057527,2.1710152087002403,0.0454898565889104,0.8134466059304046,0.0181021122737418,3.1650644103031516
0.0272,-0.2175,0.1167,16,281.94888118316,0.1486,8.46257430668,0.1529,4287111457223701760,0.2748,0.1933,-0.138,0.19,-1.444,0.175,1.079,18.505308,0.003337,19.570976,0.028087,17.554035,0.008638,2.016941,,,1.283,576.735,38.849,132.813,0.97,1.0550656043591031,0.0065869695642337,0.0,0.2012070940300244,0.0,,3.2198009937667864
0.3502,0.0628,-0.0143,14,282.37796343898,0.1646,8.82711865561,0.1805,4311144548020986112,0.5048,0.2249,-0.209,0.186,-1.469,0.191,1.021,18.894899,0.003447,20.021509,0.045409,17.914711,0.010606,2.106798,,,1.295,524.388,23.955,106.105,0.97,0.9734961394199874,0.0203489302832756,0.1195693639635258,0.2473028159877887,0.1228246924890382,0.2540487172181389,3.219874298302726
0.1273,-0.1436,0.0764,18,282.05425672895,0.101,8.4198158691,0.1036,4287063662827439104,0.2914,0.1269,0.149,0.131,-1.783,0.13,0.967,18.041321,0.003083,19.164801,0.018371,17.030558,0.008682,2.134243,,,1.326,785.588,59.794,132.062,0.82,1.052062043882416,0.0340694065127037,0.924853672918941,0.057875610568618,0.8790866263989157,0.0619410593772151,3.275374630186776
0.1938,-0.1059,0.0534,18,282.07866441534,0.118,8.41630701335,0.1261,4287062876870599808,0.3892,0.1501,0.096,0.152,-1.766,0.157,0.903,18.358948,0.003245,19.442451,0.031,17.317541,0.011685,2.12491,,,1.366,633.308,35.167,95.687,0.92,1.004639593268403,0.0362923663486719,0.8469346887968264,0.0902357047193627,0.8430234030907405,0.0948414292874394,3.281761538688304
0.387,0.092,-0.1023,15,282.24525148294,0.0898,8.98646312973,0.0985,4311161766582372224,0.3563,0.1236,0.314,0.127,-1.207,0.128,0.988,17.933241,0.003016,18.964674,0.01814,16.930796,0.007687,2.033878,,,1.34,884.439,60.574,151.586,0.8,1.0903091741045037,0.0366216769540201,0.9244357527198784,0.0697378045296551,0.8478657014687043,0.0700149429584632,3.2830591804549716
0.1867,-0.1166,0.0632,18,282.08689505708,0.1106,8.41130649992,0.1183,4287062872553420544,0.4327,0.1409,-0.078,0.142,-1.162,0.147,0.971,18.239681,0.003221,19.453541,0.037188,17.204134,0.011302,2.249407,,,1.33,651.085,29.279,99.137,0.96,1.0127626307750135,0.0310381150606959,0.8826310079329538,0.0531315037088597,0.8715082696697874,0.0588696196044672,3.301848673382654
0.2324,-0.0277,0.0571,17,282.3758143712,0.014,8.57799478313,0.0137,4287070367294247936,0.4671,0.0186,0.003,0.018,-1.635,0.017,1.012,14.082457,0.002775,14.848819,0.003151,13.210901,0.002898,1.637918,,,1.297,3329.618,741.138,1388.195,0.99,2.505138617360005,0.0019924594399801,0.1505965699604289,0.3680539695910539,0.0601150646582313,0.1469196101685477,3.3244281489376526
0.3364,-0.0802,-0.0874,16,282.40545521876,0.1481,8.79947580482,0.1556,4311143517228783488,0.5248,0.1973,-0.441,0.189,-1.867,0.186,1.075,18.669298,0.003266,19.624277,0.027991,17.769411,0.009016,1.854866,,,1.265,618.968,38.983,126.639,0.84,1.019730831266726,0.0063114530545392,0.0,0.1421311849897627,0.0,,3.3280011931512448
0.3469,-0.0645,-0.0524,18,281.81371503178,0.1657,8.57322587913,0.1815,4287127949898705920,0.2599,0.2027,-0.122,0.207,-1.475,0.197,1.029,18.594862,0.003439,19.539688,0.050685,17.659021,0.01364,1.880667,,,1.3,527.743,21.454,81.32,0.96,1.0382616627193617,0.0038215114145853,0.0,0.1071462640552541,0.0,,3.375174956403555
0.2468,-0.1458,-0.1013,17,281.90175874051,0.0683,8.46690959173,0.0705,4287111594662670720,0.4623,0.0856,-0.242,0.085,-1.801,0.087,0.94,17.240562,0.002974,18.122545,0.011374,16.305283,0.00547,1.817263,,,1.318,970.927,98.463,230.745,0.93,1.35911212439403,0.011672294626481,0.3031241999850705,0.3650837241729966,0.2230310469198563,0.2686261118971694,3.3985900055365756
0.3936,0.1205,-0.0162,15,282.18742195511,0.242,9.02599654476,0.2687,4311162896121883520,0.5256,0.3279,-0.195,0.331,-1.528,0.329,1.374,18.810919,0.004257,19.778553,0.034502,17.738649,0.010957,2.039904,,,1.428,334.648,31.572,102.465,0.92,0.988687614163987,0.0241591317873178,0.2914394061328434,0.325371819716758,0.2947740033936587,0.3291734825639275,3.4105701334139416
0.3393,-0.0375,-0.0401,18,281.8464449868,0.0404,8.92260869788,0.0443,4287330882835753344,0.3661,0.0525,-0.306,0.048,-1.78,0.051,1.039,16.546133,0.002835,17.22463,0.005334,15.725296,0.003719,1.499334,,,1.285,1625.702,238.824,441.695,0.71,1.5994008557286727,0.0034713855132578,0.0,0.0318956431356566,0.0,,3.4130268708272737
0.1657,0.1031,-0.1101,15,282.3534029695,0.0962,8.92211314803,0.1029,4311148675521426432,0.3436,0.1333,-0.223,0.124,-1.507,0.122,1.262,17.672735,0.003101,18.447485,0.013427,16.546165,0.005094,1.90132,,,1.543,763.582,82.666,254.78,0.99,1.2603985102923287,0.0248976969351938,0.3128163516167414,0.3864968796258955,0.2481884491788147,0.3066857592046126,3.477332570983619
0.2727,0.0769,-0.1115,15,282.33319093465,0.0572,8.94456949771,0.0633,4311149500155167872,0.3851,0.0793,0.244,0.077,-1.416,0.088,1.028,17.111073,0.002857,17.919571,0.00979,16.236916,0.004001,1.682655,,,1.286,1438.036,115.696,378.716,0.89,1.402944645785247,0.002459980097447,0.0,0.0943653128353872,0.0,,3.5302832945870044
0.4425,-0.0663,-0.2002,15,282.06917404074,0.097,9.04132789627,0.1069,4311166473866699008,0.4054,0.1318,-0.468,0.114,-1.623,0.122,0.973,17.786173,0.002974,18.662527,0.017722,16.870792,0.004959,1.791735,,,1.302,971.049,62.039,264.803,0.85,1.2205558444897142,0.0029434275063277,0.0,0.1073391466751021,0.0,,3.5314978941878117
0.4627,-0.1256,-0.0737,17,281.81617805207,0.0795,8.88769087097,0.0893,4287330642317441920,0.3804,0.0984,-0.141,0.091,-1.505,0.096,1.064,17.56061,0.002924,18.328438,0.010846,16.735813,0.0056,1.592625,,,1.257,1110.446,103.594,223.622,0.99,1.2785668192350137,0.0047113587803867,0.0,0.0740869054698128,0.0,,3.532542150147544
0.4817,-0.2491,0.0904,15,281.76724662221,0.0838,8.69106827128,0.0981,4287132902020200064,0.4907,0.1089,0.134,0.11,-1.663,0.13,0.996,17.489294,0.002953,18.379213,0.013689,16.589964,0.005644,1.789249,,,1.283,1021.005,81.012,221.31,0.79,1.294350797188847,0.0019452717378156,0.0,0.0622208852130148,0.0,,3.547713459420028
0.3786,0.0029,-0.0478,18,281.89858575199,0.1014,8.98074374253,0.1117,4287333146250704384,0.505,0.1305,-0.134,0.119,-1.796,0.126,1.019,18.173174,0.003041,18.967577,0.014923,17.315237,0.00673,1.65234,,,1.277,844.003,74.062,177.283,0.94,1.1326069496373845,0.0052799104534715,0.0,0.07793013488758,0.0,,3.5773805198876074
0.4103,-0.1118,-0.027,18,281.79010672642,0.1461,8.58562426014,0.1616,4287128224776685568,0.3583,0.1767,-0.49,0.185,-1.384,0.185,1.078,18.343218,0.003233,19.165655,0.027959,17.401537,0.012459,1.764118,,,1.342,642.104,39.029,89.417,0.73,1.0996741893851008,0.0053212708523825,0.0,0.0777423371788871,0.0,,3.5897309587679156
0.2456,-0.2752,-0.0899,15,281.98082769597,0.186,8.40519553421,0.2081,4287063387955142272,0.3326,0.2617,-0.159,0.232,-1.376,0.219,0.982,18.937571,0.00368,20.003687,0.046611,17.944071,0.016616,2.059616,,,1.323,445.108,23.335,66.284,0.96,0.9695674091042338,0.011602433970692,0.0,0.2156102345741107,0.0,,3.651860839784606
0.1802,0.0753,-0.1218,16,282.38683850467,0.0937,8.89800221952,0.0993,4311145441374354176,0.5187,0.1285,0.323,0.122,-1.425,0.118,1.06,17.971333,0.00298,18.845743,0.01382,17.052656,0.006033,1.793087,,,1.305,957.126,80.217,202.993,0.88,1.177291231473775,0.0030431743042568,0.0,0.0428194500331111,0.0,,3.6904926528925723
0.6059,0.0206,-0.0687,14,282.19284650088,0.1887,8.95756224983,0.2164,4311161285546258432,0.4089,0.2253,0.056,0.242,-0.944,0.271,1.041,18.889498,0.003492,20.027596,0.042995,17.850927,0.008428,2.176668,,,1.35,506.284,25.306,136.515,0.81,0.9411044076852452,0.0363336171210883,0.5733896404137961,0.282333723322029,0.6092731430555235,0.3009233078575084,3.7010178861085694
